state,date,ML,High_90,Low_90
EC,2020-04-11,3.84,6.36,0.80
EC,2020-04-12,3.35,5.18,1.30
EC,2020-04-13,3.12,4.52,1.52
EC,2020-04-14,2.70,3.87,1.37
EC,2020-04-15,2.25,3.30,1.09
EC,2020-04-16,1.81,2.80,0.75
EC,2020-04-17,1.53,2.45,0.49
EC,2020-04-18,1.28,2.14,0.26
EC,2020-04-19,1.27,2.12,0.25
EC,2020-04-20,1.32,2.17,0.30
EC,2020-04-21,1.44,2.33,0.47
EC,2020-04-22,1.48,2.32,0.49
EC,2020-04-23,1.50,2.34,0.56
EC,2020-04-24,1.47,2.27,0.53
EC,2020-04-25,1.37,2.16,0.46
EC,2020-04-26,1.25,2.03,0.36
EC,2020-04-27,1.04,1.80,0.19
EC,2020-04-28,0.90,1.63,0.08
EC,2020-04-29,0.86,1.59,0.05
EC,2020-04-30,0.86,1.60,0.04
EC,2020-05-01,1.01,1.77,0.12
EC,2020-05-02,1.08,1.86,0.18
EC,2020-05-03,1.06,1.82,0.16
EC,2020-05-04,1.12,1.88,0.20
EC,2020-05-05,1.13,1.89,0.22
EC,2020-05-06,1.36,2.15,0.46
EC,2020-05-07,1.73,2.48,0.85
EC,2020-05-08,2.08,2.79,1.27
EC,2020-05-09,2.30,2.96,1.56
EC,2020-05-10,2.12,2.75,1.45
EC,2020-05-11,1.70,2.29,1.04
EC,2020-05-12,1.34,1.92,0.68
EC,2020-05-13,1.07,1.66,0.41
EC,2020-05-14,0.96,1.54,0.27
EC,2020-05-15,1.10,1.69,0.39
EC,2020-05-16,1.24,1.84,0.55
EC,2020-05-17,1.31,1.92,0.66
EC,2020-05-18,1.21,1.82,0.58
EC,2020-05-19,1.08,1.66,0.42
EC,2020-05-20,0.99,1.57,0.33
EC,2020-05-21,1.05,1.64,0.39
EC,2020-05-22,1.06,1.63,0.38
EC,2020-05-23,1.06,1.62,0.37
EC,2020-05-24,1.12,1.70,0.46
EC,2020-05-25,1.31,1.89,0.67
EC,2020-05-26,1.65,2.20,1.02
EC,2020-05-27,1.87,2.39,1.27
EC,2020-05-28,1.85,2.35,1.29
EC,2020-05-29,1.67,2.15,1.13
EC,2020-05-30,1.38,1.84,0.83
EC,2020-05-31,1.13,1.60,0.59
EC,2020-06-01,1.19,1.67,0.66
EC,2020-06-02,1.36,1.83,0.83
EC,2020-06-03,1.67,2.11,1.14
EC,2020-06-04,1.76,2.20,1.28
EC,2020-06-05,1.70,2.11,1.22
EC,2020-06-06,1.59,1.99,1.13
EC,2020-06-07,1.46,1.87,1.03
EC,2020-06-08,1.49,1.88,1.05
EC,2020-06-09,1.71,2.09,1.29
EC,2020-06-10,1.81,2.16,1.39
EC,2020-06-11,1.89,2.22,1.49
EC,2020-06-12,1.71,2.04,1.34
EC,2020-06-13,1.37,1.69,1.00
EC,2020-06-14,1.21,1.53,0.84
EC,2020-06-15,1.04,1.35,0.66
EC,2020-06-16,1.12,1.44,0.75
EC,2020-06-17,1.45,1.77,1.10
EC,2020-06-18,1.61,1.90,1.25
EC,2020-06-19,1.74,2.03,1.41
EC,2020-06-20,1.72,1.99,1.39
EC,2020-06-21,1.49,1.76,1.18
EC,2020-06-22,1.40,1.66,1.09
EC,2020-06-23,1.34,1.59,1.03
EC,2020-06-24,1.37,1.62,1.07
EC,2020-06-25,1.43,1.67,1.13
EC,2020-06-26,1.31,1.55,1.02
EC,2020-06-27,1.22,1.46,0.94
EC,2020-06-28,1.14,1.38,0.86
EC,2020-06-29,1.00,1.24,0.72
EC,2020-06-30,1.01,1.25,0.73
EC,2020-07-01,1.14,1.38,0.86
EC,2020-07-02,1.22,1.45,0.94
EC,2020-07-03,1.46,1.68,1.18
EC,2020-07-04,1.51,1.73,1.25
EC,2020-07-05,1.48,1.69,1.22
EC,2020-07-06,1.45,1.67,1.22
EC,2020-07-07,1.24,1.44,0.99
EC,2020-07-08,1.02,1.22,0.77
EC,2020-07-09,0.97,1.17,0.72
EC,2020-07-10,0.81,1.01,0.55
EC,2020-07-11,0.85,1.06,0.60
EC,2020-07-12,0.86,1.07,0.60
EC,2020-07-13,0.81,1.02,0.55
EC,2020-07-14,0.79,1.00,0.52
EC,2020-07-15,0.86,1.08,0.60
EC,2020-07-16,1.02,1.23,0.75
EC,2020-07-17,1.23,1.44,0.97
EC,2020-07-18,1.18,1.39,0.92
EC,2020-07-19,0.99,1.19,0.72
EC,2020-07-20,0.78,1.00,0.53
EC,2020-07-21,0.65,0.88,0.40
EC,2020-07-22,0.57,0.79,0.29
EC,2020-07-23,0.56,0.79,0.28
EC,2020-07-24,0.48,0.73,0.21
EC,2020-07-25,0.36,0.60,0.07
EC,2020-07-26,0.16,0.42,0.00
EC,2020-07-27,0.11,0.39,0.00
EC,2020-07-28,0.29,0.53,0.00
EC,2020-07-29,0.70,0.99,0.36
EC,2020-07-30,0.95,1.23,0.60
EC,2020-07-31,0.75,1.04,0.41
EC,2020-08-01,0.29,0.56,0.00
EC,2020-08-02,0.00,0.37,0.00
EC,2020-08-03,0.00,0.34,0.00
EC,2020-08-04,0.22,0.53,0.00
EC,2020-08-05,0.61,0.96,0.19
EC,2020-08-06,0.96,1.32,0.53
EC,2020-08-07,0.96,1.32,0.54
EC,2020-08-08,0.61,0.98,0.20
EC,2020-08-09,0.00,0.45,0.00
EC,2020-08-10,0.00,0.36,0.00
EC,2020-08-11,0.00,0.42,0.00
EC,2020-08-12,0.27,0.64,0.00
EC,2020-08-13,0.81,1.26,0.28
EC,2020-08-14,1.20,1.65,0.66
EC,2020-08-15,1.12,1.57,0.60
EC,2020-08-16,0.87,1.32,0.35
EC,2020-08-17,0.54,0.96,0.05
EC,2020-08-18,0.36,0.80,0.00
EC,2020-08-19,0.59,1.06,0.08
EC,2020-08-20,0.84,1.35,0.29
EC,2020-08-21,0.98,1.48,0.42
EC,2020-08-22,0.81,1.29,0.24
EC,2020-08-23,0.47,0.92,0.00
EC,2020-08-24,0.29,0.78,0.00
EC,2020-08-25,0.28,0.77,0.00
EC,2020-08-26,0.46,0.96,0.00
EC,2020-08-27,0.79,1.33,0.17
EC,2020-08-28,1.07,1.63,0.44
EC,2020-08-29,1.02,1.57,0.40
EC,2020-08-30,0.83,1.36,0.21
EC,2020-08-31,0.75,1.28,0.14
EC,2020-09-01,0.78,1.34,0.18
EC,2020-09-02,0.82,1.40,0.22
EC,2020-09-03,0.95,1.52,0.31
EC,2020-09-04,0.89,1.44,0.24
EC,2020-09-05,0.74,1.28,0.12
EC,2020-09-06,0.48,1.01,0.00
EC,2020-09-07,0.32,0.90,0.00
EC,2020-09-08,0.41,0.98,0.00
EC,2020-09-09,0.63,1.20,0.02
EC,2020-09-10,0.87,1.50,0.20
EC,2020-09-11,0.98,1.61,0.29
EC,2020-09-12,0.89,1.47,0.17
EC,2020-09-13,0.84,1.44,0.16
EC,2020-09-14,0.92,1.56,0.25
EC,2020-09-15,1.08,1.73,0.40
EC,2020-09-16,1.31,1.93,0.62
EC,2020-09-17,1.44,2.03,0.76
EC,2020-09-18,1.37,1.97,0.74
EC,2020-09-19,1.23,1.79,0.57
EC,2020-09-20,1.00,1.57,0.36
EC,2020-09-21,0.96,1.54,0.32
EC,2020-09-22,0.97,1.53,0.29
EC,2020-09-23,1.01,1.60,0.36
EC,2020-09-24,1.07,1.66,0.42
EC,2020-09-25,1.08,1.65,0.41
EC,2020-09-26,0.97,1.53,0.30
EC,2020-09-27,0.92,1.48,0.25
EC,2020-09-28,0.96,1.53,0.29
EC,2020-09-29,1.19,1.77,0.53
EC,2020-09-30,1.38,1.94,0.73
EC,2020-10-01,1.46,2.01,0.84
EC,2020-10-02,1.43,1.96,0.82
EC,2020-10-03,1.16,1.68,0.55
EC,2020-10-04,0.95,1.48,0.35
EC,2020-10-05,0.82,1.34,0.20
EC,2020-10-06,0.82,1.37,0.22
EC,2020-10-07,1.08,1.62,0.43
EC,2020-10-08,1.30,1.84,0.68
EC,2020-10-09,1.35,1.88,0.75
EC,2020-10-10,1.24,1.75,0.64
EC,2020-10-11,1.01,1.54,0.44
EC,2020-10-12,0.85,1.37,0.26
EC,2020-10-13,0.83,1.37,0.25
EC,2020-10-14,1.06,1.59,0.44
EC,2020-10-15,1.30,1.85,0.73
EC,2020-10-16,1.41,1.92,0.83
EC,2020-10-17,1.34,1.82,0.75
EC,2020-10-18,1.26,1.76,0.71
EC,2020-10-19,1.34,1.82,0.78
EC,2020-10-20,1.49,1.98,0.97
EC,2020-10-21,1.66,2.12,1.14
EC,2020-10-22,1.85,2.27,1.33
EC,2020-10-23,1.70,2.11,1.21
EC,2020-10-24,1.48,1.88,1.00
EC,2020-10-25,1.35,1.75,0.88
EC,2020-10-26,1.36,1.76,0.90
EC,2020-10-27,1.54,1.92,1.08
EC,2020-10-28,1.67,2.04,1.23
EC,2020-10-29,1.56,1.93,1.15
EC,2020-10-30,1.35,1.70,0.93
EC,2020-10-31,1.17,1.52,0.75
EC,2020-11-01,1.04,1.39,0.62
EC,2020-11-02,1.23,1.60,0.84
EC,2020-11-03,1.45,1.79,1.04
EC,2020-11-04,1.55,1.88,1.16
EC,2020-11-05,1.51,1.83,1.13
EC,2020-11-06,1.37,1.68,0.99
EC,2020-11-07,1.32,1.63,0.95
EC,2020-11-08,1.40,1.72,1.06
EC,2020-11-09,1.56,1.85,1.20
EC,2020-11-10,1.65,1.94,1.32
EC,2020-11-11,1.63,1.91,1.31
EC,2020-11-12,1.40,1.66,1.07
EC,2020-11-13,1.09,1.35,0.76
EC,2020-11-14,0.94,1.21,0.62
EC,2020-11-15,1.12,1.39,0.80
EC,2020-11-16,1.23,1.50,0.92
EC,2020-11-17,1.54,1.81,1.25
EC,2020-11-18,1.56,1.82,1.28
EC,2020-11-19,1.45,1.69,1.16
EC,2020-11-20,1.23,1.48,0.96
EC,2020-11-21,0.98,1.21,0.68
EC,2020-11-22,0.84,1.09,0.56
EC,2020-11-23,0.91,1.15,0.61
EC,2020-11-24,0.92,1.16,0.62
EC,2020-11-25,1.04,1.28,0.74
EC,2020-11-26,1.02,1.26,0.72
EC,2020-11-27,0.96,1.20,0.66
EC,2020-11-28,0.86,1.11,0.57
EC,2020-11-29,0.91,1.15,0.60
EC,2020-11-30,1.07,1.32,0.78
EC,2020-12-01,1.30,1.55,1.02
EC,2020-12-02,1.42,1.65,1.13
EC,2020-12-03,1.38,1.61,1.10
EC,2020-12-04,1.14,1.37,0.87
EC,2020-12-05,0.83,1.06,0.55
EC,2020-12-06,0.68,0.92,0.40
EC,2020-12-07,0.87,1.11,0.58
EC,2020-12-08,1.19,1.43,0.91
EC,2020-12-09,1.53,1.77,1.27
EC,2020-12-10,1.59,1.82,1.34
EC,2020-12-11,1.27,1.49,1.02
EC,2020-12-12,1.07,1.30,0.83
EC,2020-12-13,0.80,1.02,0.54
EC,2020-12-14,0.71,0.94,0.45
EC,2020-12-15,0.73,0.96,0.46
EC,2020-12-16,0.77,0.99,0.48
EC,2020-12-17,0.72,0.96,0.45
EC,2020-12-18,0.75,0.99,0.47
EC,2020-12-19,0.65,0.90,0.37
EC,2020-12-20,0.78,1.02,0.48
EC,2020-12-21,0.90,1.15,0.61
EC,2020-12-22,1.01,1.25,0.71
EC,2020-12-23,0.89,1.14,0.60
EC,2020-12-24,0.74,0.99,0.44
EC,2020-12-25,0.44,0.70,0.14
EC,2020-12-26,0.24,0.48,0.00
EC,2020-12-27,0.33,0.58,0.02
EC,2020-12-28,0.66,0.95,0.32
EC,2020-12-29,1.18,1.46,0.84
EC,2020-12-30,1.49,1.76,1.16
EC,2020-12-31,1.37,1.64,1.06
EC,2021-01-01,1.05,1.31,0.73
EC,2021-01-02,0.57,0.85,0.26
EC,2021-01-03,0.36,0.63,0.05
EC,2021-01-04,0.61,0.91,0.27
EC,2021-01-05,1.11,1.41,0.78
EC,2021-01-06,1.55,1.83,1.22
EC,2021-01-07,1.62,1.89,1.31
EC,2021-01-08,1.36,1.62,1.05
EC,2021-01-09,1.04,1.30,0.73
EC,2021-01-10,0.79,1.05,0.47
EC,2021-01-11,0.71,0.99,0.40
EC,2021-01-12,0.75,1.03,0.43
EC,2021-01-13,0.78,1.05,0.44
EC,2021-01-14,0.71,0.99,0.37
EC,2021-01-15,0.50,0.78,0.15
EC,2021-01-16,0.21,0.50,0.00
EC,2021-01-17,0.13,0.45,0.00
EC,2021-01-18,0.24,0.54,0.00
EC,2021-01-19,0.57,0.91,0.19
EC,2021-01-20,0.86,1.21,0.47
EC,2021-01-21,0.95,1.30,0.57
EC,2021-01-22,0.74,1.08,0.34
EC,2021-01-23,0.41,0.73,0.03
EC,2021-01-24,0.00,0.42,0.00
EC,2021-01-25,0.00,0.39,0.00
EC,2021-01-26,0.07,0.46,0.00
EC,2021-01-27,0.29,0.65,0.00
EC,2021-01-28,0.48,0.89,0.05
EC,2021-01-29,0.58,1.01,0.10
EC,2021-01-30,0.33,0.75,0.00
EC,2021-01-31,0.19,0.64,0.00
EC,2021-02-01,0.12,0.58,0.00
EC,2021-02-02,0.17,0.62,0.00
EC,2021-02-03,0.29,0.75,0.00
EC,2021-02-04,0.45,0.93,0.00
EC,2021-02-05,0.50,1.00,0.00
EC,2021-02-06,0.44,0.96,0.00
EC,2021-02-07,0.38,0.92,0.00
EC,2021-02-08,0.41,0.96,0.00
EC,2021-02-09,0.54,1.09,0.00
EC,2021-02-10,0.63,1.19,0.03
EC,2021-02-11,0.70,1.27,0.06
EC,2021-02-12,0.60,1.15,0.00
EC,2021-02-13,0.40,1.01,0.00
EC,2021-02-14,0.28,0.90,0.00
EC,2021-02-15,0.33,0.94,0.00
EC,2021-02-16,0.43,1.06,0.00
EC,2021-02-17,0.58,1.22,0.00
EC,2021-02-18,0.63,1.26,0.00
EC,2021-02-19,0.60,1.24,0.00
EC,2021-02-20,0.44,1.12,0.00
EC,2021-02-21,0.36,1.05,0.00
EC,2021-02-22,0.37,1.07,0.00
EC,2021-02-23,0.42,1.14,0.00
EC,2021-02-24,0.52,1.25,0.00
EC,2021-02-25,0.54,1.28,0.00
EC,2021-02-26,0.52,1.28,0.00
EC,2021-02-27,0.50,1.27,0.00
EC,2021-02-28,0.45,1.24,0.00
EC,2021-03-01,0.54,1.34,0.00
EC,2021-03-02,0.69,1.46,0.00
EC,2021-03-03,0.83,1.58,0.02
EC,2021-03-04,0.94,1.71,0.09
EC,2021-03-05,0.90,1.64,0.05
EC,2021-03-06,0.71,1.46,0.00
EC,2021-03-07,0.58,1.38,0.00
EC,2021-03-08,0.48,1.32,0.00
EC,2021-03-09,0.45,1.30,0.00
EC,2021-03-10,0.74,1.56,0.00
EC,2021-03-11,1.04,1.87,0.14
EC,2021-03-12,1.21,2.05,0.27
EC,2021-03-13,1.46,2.30,0.52
EC,2021-03-14,1.66,2.47,0.77
EC,2021-03-15,1.86,2.64,1.04
EC,2021-03-16,2.04,2.76,1.26
EC,2021-03-17,2.04,2.70,1.29
EC,2021-03-18,1.83,2.47,1.13
EC,2021-03-19,1.46,2.09,0.78
EC,2021-03-20,0.92,1.50,0.20
EC,2021-03-21,0.56,1.14,0.00
EC,2021-03-22,0.45,1.09,0.00
EC,2021-03-23,0.69,1.34,0.04
EC,2021-03-24,1.19,1.90,0.41
EC,2021-03-25,1.50,2.17,0.72
EC,2021-03-26,1.37,2.03,0.64
EC,2021-03-27,1.04,1.68,0.32
EC,2021-03-28,0.54,1.13,0.00
EC,2021-03-29,0.25,0.91,0.00
EC,2021-03-30,0.21,0.84,0.00
EC,2021-03-31,0.24,0.86,0.00
EC,2021-04-01,0.29,0.93,0.00
EC,2021-04-02,0.26,0.92,0.00
EC,2021-04-03,0.24,0.91,0.00
EC,2021-04-04,0.26,0.94,0.00
EC,2021-04-05,0.34,1.06,0.00
EC,2021-04-06,0.48,1.29,0.00
EC,2021-04-07,0.78,1.61,0.01
EC,2021-04-08,1.07,1.92,0.14
EC,2021-04-09,1.15,1.98,0.18
EC,2021-04-10,1.07,1.86,0.12
EC,2021-04-11,0.95,1.73,0.07
EC,2021-04-12,0.84,1.62,0.03
EC,2021-04-13,0.85,1.61,0.00
EC,2021-04-14,0.91,1.70,0.05
EC,2021-04-15,0.96,1.77,0.09
EC,2021-04-16,0.95,1.73,0.05
EC,2021-04-17,0.89,1.67,0.03
EC,2021-04-18,0.72,1.53,0.00
EC,2021-04-19,0.68,1.51,0.00
EC,2021-04-20,0.64,1.50,0.00
EC,2021-04-21,0.67,1.53,0.00
EC,2021-04-22,0.70,1.56,0.00
EC,2021-04-23,0.60,1.49,0.00
EC,2021-04-24,0.47,1.39,0.00
EC,2021-04-25,0.46,1.40,0.00
EC,2021-04-26,0.50,1.45,0.00
EC,2021-04-27,0.64,1.58,0.00
EC,2021-04-28,0.81,1.71,0.01
EC,2021-04-29,0.96,1.84,0.05
EC,2021-04-30,0.95,1.82,0.05
EC,2021-05-01,0.88,1.72,0.00
EC,2021-05-02,0.81,1.67,0.00
EC,2021-05-03,0.88,1.74,0.02
EC,2021-05-04,1.01,1.86,0.06
EC,2021-05-05,1.05,1.92,0.11
EC,2021-05-06,1.20,2.08,0.21
EC,2021-05-07,1.20,2.07,0.22
EC,2021-05-08,1.16,2.01,0.20
EC,2021-05-09,1.22,2.06,0.24
EC,2021-05-10,1.35,2.21,0.38
EC,2021-05-11,1.49,2.33,0.53
EC,2021-05-12,1.62,2.42,0.68
EC,2021-05-13,1.61,2.39,0.72
EC,2021-05-14,1.46,2.22,0.60
EC,2021-05-15,1.32,2.07,0.48
EC,2021-05-16,1.34,2.08,0.50
EC,2021-05-17,1.42,2.14,0.58
EC,2021-05-18,1.56,2.26,0.74
EC,2021-05-19,1.69,2.39,0.93
EC,2021-05-20,1.62,2.29,0.88
EC,2021-05-21,1.44,2.08,0.70
EC,2021-05-22,1.20,1.83,0.46
EC,2021-05-23,1.09,1.74,0.37
EC,2021-05-24,1.22,1.88,0.50
EC,2021-05-25,1.42,2.07,0.71
EC,2021-05-26,1.59,2.21,0.89
EC,2021-05-27,1.57,2.18,0.91
EC,2021-05-28,1.34,1.92,0.67
EC,2021-05-29,1.05,1.64,0.40
EC,2021-05-30,0.93,1.51,0.26
EC,2021-05-31,1.03,1.62,0.34
EC,2021-06-01,1.30,1.90,0.63
EC,2021-06-02,1.62,2.18,0.95
EC,2021-06-03,1.69,2.24,1.07
EC,2021-06-04,1.47,2.02,0.89
EC,2021-06-05,1.20,1.72,0.59
EC,2021-06-06,1.08,1.62,0.49
EC,2021-06-07,1.20,1.75,0.62
EC,2021-06-08,1.44,1.97,0.86
EC,2021-06-09,1.65,2.16,1.09
EC,2021-06-10,1.67,2.15,1.12
EC,2021-06-11,1.44,1.92,0.92
EC,2021-06-12,1.26,1.71,0.71
EC,2021-06-13,1.36,1.81,0.82
EC,2021-06-14,1.54,2.01,1.05
EC,2021-06-15,1.74,2.17,1.24
EC,2021-06-16,1.81,2.21,1.32
EC,2021-06-17,1.69,2.09,1.24
EC,2021-06-18,1.39,1.77,0.93
EC,2021-06-19,1.10,1.48,0.64
EC,2021-06-20,1.08,1.49,0.65
EC,2021-06-21,1.23,1.62,0.78
EC,2021-06-22,1.36,1.74,0.92
EC,2021-06-23,1.41,1.79,0.99
EC,2021-06-24,1.44,1.81,1.03
FS,2020-05-29,2.28,4.74,0.00
FS,2020-05-30,2.17,3.94,0.15
FS,2020-05-31,1.90,3.39,0.21
FS,2020-06-01,1.63,2.94,0.18
FS,2020-06-02,1.35,2.51,0.07
FS,2020-06-03,1.04,2.15,0.00
FS,2020-06-04,1.00,2.09,0.00
FS,2020-06-05,0.98,2.04,0.00
FS,2020-06-06,0.96,2.00,0.00
FS,2020-06-07,0.94,1.97,0.00
FS,2020-06-08,1.02,2.01,0.00
FS,2020-06-09,1.00,1.98,0.00
FS,2020-06-10,1.06,2.07,0.07
FS,2020-06-11,1.27,2.27,0.16
FS,2020-06-12,1.43,2.40,0.25
FS,2020-06-13,1.71,2.69,0.55
FS,2020-06-14,1.83,2.76,0.73
FS,2020-06-15,1.83,2.74,0.83
FS,2020-06-16,1.68,2.53,0.70
FS,2020-06-17,1.53,2.37,0.60
FS,2020-06-18,1.34,2.17,0.44
FS,2020-06-19,1.23,2.02,0.31
FS,2020-06-20,1.18,1.96,0.26
FS,2020-06-21,1.30,2.10,0.38
FS,2020-06-22,1.54,2.34,0.64
FS,2020-06-23,1.80,2.55,0.92
FS,2020-06-24,1.93,2.64,1.10
FS,2020-06-25,1.99,2.69,1.24
FS,2020-06-26,1.94,2.58,1.20
FS,2020-06-27,1.88,2.49,1.17
FS,2020-06-28,1.81,2.40,1.13
FS,2020-06-29,1.84,2.40,1.17
FS,2020-06-30,1.95,2.52,1.35
FS,2020-07-01,2.03,2.54,1.42
FS,2020-07-02,1.92,2.43,1.37
FS,2020-07-03,1.82,2.32,1.30
FS,2020-07-04,1.61,2.07,1.07
FS,2020-07-05,1.41,1.88,0.90
FS,2020-07-06,1.45,1.91,0.94
FS,2020-07-07,1.66,2.09,1.14
FS,2020-07-08,1.87,2.28,1.37
FS,2020-07-09,2.03,2.42,1.56
FS,2020-07-10,1.90,2.28,1.47
FS,2020-07-11,1.61,1.97,1.18
FS,2020-07-12,1.41,1.76,0.98
FS,2020-07-13,1.31,1.66,0.89
FS,2020-07-14,1.53,1.88,1.12
FS,2020-07-15,1.73,2.06,1.33
FS,2020-07-16,1.89,2.21,1.52
FS,2020-07-17,1.79,2.09,1.43
FS,2020-07-18,1.49,1.79,1.15
FS,2020-07-19,1.25,1.53,0.89
FS,2020-07-20,1.17,1.45,0.81
FS,2020-07-21,1.21,1.50,0.87
FS,2020-07-22,1.36,1.65,1.03
FS,2020-07-23,1.34,1.61,1.00
FS,2020-07-24,1.21,1.49,0.89
FS,2020-07-25,1.05,1.32,0.72
FS,2020-07-26,0.89,1.17,0.57
FS,2020-07-27,0.93,1.21,0.60
FS,2020-07-28,1.01,1.29,0.68
FS,2020-07-29,1.15,1.43,0.83
FS,2020-07-30,1.08,1.35,0.75
FS,2020-07-31,0.90,1.18,0.58
FS,2020-08-01,0.64,0.94,0.33
FS,2020-08-02,0.51,0.80,0.17
FS,2020-08-03,0.55,0.85,0.20
FS,2020-08-04,0.76,1.07,0.41
FS,2020-08-05,0.96,1.26,0.60
FS,2020-08-06,1.05,1.36,0.71
FS,2020-08-07,0.96,1.27,0.62
FS,2020-08-08,0.66,0.97,0.31
FS,2020-08-09,0.30,0.58,0.00
FS,2020-08-10,0.10,0.45,0.00
FS,2020-08-11,0.28,0.59,0.00
FS,2020-08-12,0.58,0.94,0.19
FS,2020-08-13,0.96,1.33,0.56
FS,2020-08-14,1.16,1.50,0.74
FS,2020-08-15,1.03,1.37,0.62
FS,2020-08-16,0.84,1.20,0.45
FS,2020-08-17,0.69,1.04,0.27
FS,2020-08-18,0.66,1.03,0.25
FS,2020-08-19,0.88,1.24,0.44
FS,2020-08-20,1.01,1.38,0.59
FS,2020-08-21,0.97,1.32,0.53
FS,2020-08-22,0.80,1.17,0.38
FS,2020-08-23,0.58,0.96,0.17
FS,2020-08-24,0.56,0.94,0.13
FS,2020-08-25,0.62,1.00,0.16
FS,2020-08-26,0.80,1.20,0.34
FS,2020-08-27,1.00,1.39,0.53
FS,2020-08-28,1.05,1.43,0.58
FS,2020-08-29,1.00,1.40,0.56
FS,2020-08-30,0.86,1.25,0.40
FS,2020-08-31,0.79,1.19,0.33
FS,2020-09-01,0.83,1.23,0.36
FS,2020-09-02,0.84,1.24,0.36
FS,2020-09-03,0.88,1.30,0.42
FS,2020-09-04,0.83,1.24,0.35
FS,2020-09-05,0.69,1.10,0.21
FS,2020-09-06,0.56,0.98,0.11
FS,2020-09-07,0.60,1.01,0.10
FS,2020-09-08,0.90,1.35,0.40
FS,2020-09-09,1.23,1.66,0.73
FS,2020-09-10,1.38,1.80,0.90
FS,2020-09-11,1.34,1.75,0.87
FS,2020-09-12,1.04,1.46,0.59
FS,2020-09-13,0.77,1.18,0.29
FS,2020-09-14,0.72,1.13,0.22
FS,2020-09-15,0.85,1.27,0.34
FS,2020-09-16,1.18,1.60,0.68
FS,2020-09-17,1.35,1.76,0.87
FS,2020-09-18,1.26,1.67,0.80
FS,2020-09-19,1.12,1.52,0.65
FS,2020-09-20,0.90,1.31,0.44
FS,2020-09-21,0.87,1.27,0.38
FS,2020-09-22,0.99,1.41,0.52
FS,2020-09-23,0.98,1.39,0.50
FS,2020-09-24,0.97,1.38,0.49
FS,2020-09-25,0.81,1.23,0.34
FS,2020-09-26,0.60,1.02,0.14
FS,2020-09-27,0.61,1.03,0.12
FS,2020-09-28,0.79,1.23,0.28
FS,2020-09-29,1.12,1.58,0.64
FS,2020-09-30,1.45,1.88,0.97
FS,2020-10-01,1.49,1.90,1.02
FS,2020-10-02,1.35,1.75,0.89
FS,2020-10-03,1.08,1.47,0.61
FS,2020-10-04,0.87,1.27,0.40
FS,2020-10-05,0.85,1.27,0.39
FS,2020-10-06,0.90,1.32,0.43
FS,2020-10-07,1.19,1.61,0.73
FS,2020-10-08,1.33,1.74,0.88
FS,2020-10-09,1.27,1.68,0.84
FS,2020-10-10,1.14,1.53,0.69
FS,2020-10-11,0.92,1.32,0.48
FS,2020-10-12,0.82,1.21,0.35
FS,2020-10-13,0.94,1.34,0.47
FS,2020-10-14,1.07,1.47,0.61
FS,2020-10-15,1.23,1.62,0.77
FS,2020-10-16,1.21,1.61,0.78
FS,2020-10-17,0.95,1.35,0.52
FS,2020-10-18,0.75,1.14,0.29
FS,2020-10-19,0.71,1.12,0.26
FS,2020-10-20,0.75,1.16,0.28
FS,2020-10-21,0.87,1.27,0.38
FS,2020-10-22,1.03,1.45,0.57
FS,2020-10-23,0.95,1.36,0.48
FS,2020-10-24,0.78,1.20,0.32
FS,2020-10-25,0.51,0.89,0.04
FS,2020-10-26,0.42,0.82,0.02
FS,2020-10-27,0.47,0.87,0.01
FS,2020-10-28,0.59,1.03,0.10
FS,2020-10-29,0.62,1.07,0.12
FS,2020-10-30,0.57,1.04,0.10
FS,2020-10-31,0.40,0.84,0.00
FS,2020-11-01,0.29,0.75,0.00
FS,2020-11-02,0.23,0.71,0.00
FS,2020-11-03,0.38,0.85,0.00
FS,2020-11-04,0.57,1.07,0.05
FS,2020-11-05,0.67,1.17,0.08
FS,2020-11-06,0.60,1.10,0.04
FS,2020-11-07,0.42,0.94,0.00
FS,2020-11-08,0.25,0.79,0.00
FS,2020-11-09,0.22,0.76,0.00
FS,2020-11-10,0.30,0.84,0.00
FS,2020-11-11,0.43,0.99,0.00
FS,2020-11-12,0.54,1.11,0.00
FS,2020-11-13,0.59,1.17,0.01
FS,2020-11-14,0.54,1.14,0.00
FS,2020-11-15,0.44,1.07,0.00
FS,2020-11-16,0.37,1.01,0.00
FS,2020-11-17,0.45,1.09,0.00
FS,2020-11-18,0.54,1.19,0.00
FS,2020-11-19,0.65,1.29,0.00
FS,2020-11-20,0.65,1.30,0.01
FS,2020-11-21,0.57,1.24,0.00
FS,2020-11-22,0.41,1.12,0.00
FS,2020-11-23,0.41,1.12,0.00
FS,2020-11-24,0.45,1.18,0.00
FS,2020-11-25,0.52,1.25,0.00
FS,2020-11-26,0.67,1.38,0.00
FS,2020-11-27,0.72,1.43,0.01
FS,2020-11-28,0.63,1.36,0.00
FS,2020-11-29,0.63,1.37,0.00
FS,2020-11-30,0.64,1.38,0.00
FS,2020-12-01,0.95,1.71,0.12
FS,2020-12-02,1.27,2.06,0.38
FS,2020-12-03,1.42,2.19,0.55
FS,2020-12-04,1.41,2.16,0.58
FS,2020-12-05,1.24,1.96,0.42
FS,2020-12-06,1.08,1.79,0.28
FS,2020-12-07,1.06,1.75,0.24
FS,2020-12-08,1.14,1.86,0.34
FS,2020-12-09,1.34,2.06,0.54
FS,2020-12-10,1.45,2.14,0.66
FS,2020-12-11,1.43,2.10,0.66
FS,2020-12-12,1.31,1.97,0.56
FS,2020-12-13,1.15,1.79,0.39
FS,2020-12-14,1.11,1.75,0.35
FS,2020-12-15,1.10,1.75,0.35
FS,2020-12-16,1.30,1.94,0.54
FS,2020-12-17,1.51,2.13,0.77
FS,2020-12-18,1.60,2.20,0.89
FS,2020-12-19,1.78,2.38,1.13
FS,2020-12-20,1.96,2.52,1.33
FS,2020-12-21,2.15,2.67,1.55
FS,2020-12-22,2.14,2.63,1.58
FS,2020-12-23,1.83,2.30,1.30
FS,2020-12-24,1.40,1.86,0.87
FS,2020-12-25,0.94,1.41,0.41
FS,2020-12-26,0.40,0.84,0.00
FS,2020-12-27,0.33,0.81,0.00
FS,2020-12-28,0.77,1.28,0.18
FS,2020-12-29,1.54,2.05,0.94
FS,2020-12-30,2.08,2.56,1.54
FS,2020-12-31,2.04,2.47,1.52
FS,2021-01-01,1.68,2.10,1.19
FS,2021-01-02,1.27,1.69,0.79
FS,2021-01-03,1.01,1.43,0.52
FS,2021-01-04,1.11,1.54,0.62
FS,2021-01-05,1.52,1.94,1.04
FS,2021-01-06,1.94,2.34,1.49
FS,2021-01-07,2.12,2.48,1.68
FS,2021-01-08,1.97,2.32,1.57
FS,2021-01-09,1.54,1.88,1.15
FS,2021-01-10,1.18,1.52,0.79
FS,2021-01-11,0.95,1.29,0.55
FS,2021-01-12,0.90,1.25,0.50
FS,2021-01-13,1.05,1.40,0.65
FS,2021-01-14,1.15,1.50,0.76
FS,2021-01-15,1.11,1.44,0.70
FS,2021-01-16,0.96,1.30,0.56
FS,2021-01-17,0.69,1.04,0.29
FS,2021-01-18,0.57,0.92,0.16
FS,2021-01-19,0.64,0.99,0.20
FS,2021-01-20,0.89,1.25,0.45
FS,2021-01-21,1.12,1.50,0.72
FS,2021-01-22,1.13,1.50,0.73
FS,2021-01-23,0.97,1.33,0.56
FS,2021-01-24,0.76,1.12,0.34
FS,2021-01-25,0.65,1.01,0.21
FS,2021-01-26,0.64,1.02,0.21
FS,2021-01-27,0.68,1.06,0.23
FS,2021-01-28,0.74,1.14,0.30
FS,2021-01-29,0.69,1.07,0.22
FS,2021-01-30,0.48,0.86,0.06
FS,2021-01-31,0.22,0.62,0.00
FS,2021-02-01,0.11,0.54,0.00
FS,2021-02-02,0.21,0.61,0.00
FS,2021-02-03,0.36,0.76,0.00
FS,2021-02-04,0.54,0.99,0.07
FS,2021-02-05,0.65,1.12,0.13
FS,2021-02-06,0.58,1.03,0.05
FS,2021-02-07,0.51,0.96,0.02
FS,2021-02-08,0.57,1.03,0.03
FS,2021-02-09,0.71,1.22,0.15
FS,2021-02-10,0.93,1.45,0.34
FS,2021-02-11,1.00,1.53,0.43
FS,2021-02-12,0.87,1.39,0.30
FS,2021-02-13,0.55,1.01,0.02
FS,2021-02-14,0.21,0.74,0.00
FS,2021-02-15,0.23,0.74,0.00
FS,2021-02-16,0.38,0.89,0.00
FS,2021-02-17,0.73,1.29,0.12
FS,2021-02-18,1.04,1.62,0.37
FS,2021-02-19,1.06,1.64,0.41
FS,2021-02-20,0.90,1.46,0.25
FS,2021-02-21,0.70,1.26,0.11
FS,2021-02-22,0.62,1.14,0.01
FS,2021-02-23,0.79,1.37,0.15
FS,2021-02-24,0.96,1.56,0.29
FS,2021-02-25,1.09,1.71,0.44
FS,2021-02-26,1.00,1.60,0.35
FS,2021-02-27,0.78,1.34,0.13
FS,2021-02-28,0.51,1.05,0.00
FS,2021-03-01,0.49,1.06,0.00
FS,2021-03-02,0.68,1.26,0.04
FS,2021-03-03,0.91,1.52,0.19
FS,2021-03-04,1.10,1.72,0.37
FS,2021-03-05,1.05,1.66,0.34
FS,2021-03-06,0.94,1.54,0.24
FS,2021-03-07,0.88,1.47,0.18
FS,2021-03-08,0.98,1.58,0.26
FS,2021-03-09,1.21,1.82,0.49
FS,2021-03-10,1.45,2.07,0.79
FS,2021-03-11,1.46,2.04,0.80
FS,2021-03-12,1.34,1.91,0.70
FS,2021-03-13,1.02,1.59,0.39
FS,2021-03-14,0.83,1.38,0.18
FS,2021-03-15,0.79,1.33,0.12
FS,2021-03-16,0.97,1.56,0.30
FS,2021-03-17,1.17,1.76,0.50
FS,2021-03-18,1.27,1.87,0.64
FS,2021-03-19,1.20,1.77,0.56
FS,2021-03-20,0.96,1.52,0.32
FS,2021-03-21,0.69,1.22,0.08
FS,2021-03-22,0.67,1.21,0.05
FS,2021-03-23,0.89,1.47,0.21
FS,2021-03-24,1.22,1.83,0.56
FS,2021-03-25,1.44,2.01,0.78
FS,2021-03-26,1.38,1.93,0.74
FS,2021-03-27,1.16,1.71,0.54
FS,2021-03-28,0.98,1.53,0.36
FS,2021-03-29,0.74,1.27,0.13
FS,2021-03-30,0.72,1.26,0.10
FS,2021-03-31,0.80,1.36,0.16
FS,2021-04-01,0.94,1.52,0.28
FS,2021-04-02,0.85,1.42,0.20
FS,2021-04-03,0.69,1.22,0.05
FS,2021-04-04,0.46,1.02,0.00
FS,2021-04-05,0.53,1.10,0.01
FS,2021-04-06,0.79,1.39,0.12
FS,2021-04-07,1.32,1.95,0.62
FS,2021-04-08,1.68,2.26,1.00
FS,2021-04-09,1.79,2.33,1.14
FS,2021-04-10,1.59,2.12,0.98
FS,2021-04-11,1.44,1.97,0.86
FS,2021-04-12,1.36,1.87,0.77
FS,2021-04-13,1.43,1.95,0.87
FS,2021-04-14,1.51,2.01,0.95
FS,2021-04-15,1.49,1.98,0.95
FS,2021-04-16,1.37,1.86,0.85
FS,2021-04-17,1.10,1.57,0.56
FS,2021-04-18,0.91,1.39,0.37
FS,2021-04-19,0.89,1.36,0.32
FS,2021-04-20,1.11,1.61,0.57
FS,2021-04-21,1.38,1.85,0.83
FS,2021-04-22,1.55,2.02,1.04
FS,2021-04-23,1.55,1.99,1.04
FS,2021-04-24,1.35,1.78,0.85
FS,2021-04-25,1.09,1.52,0.59
FS,2021-04-26,0.91,1.35,0.41
FS,2021-04-27,0.88,1.31,0.35
FS,2021-04-28,1.04,1.48,0.52
FS,2021-04-29,1.21,1.64,0.69
FS,2021-04-30,1.19,1.63,0.70
FS,2021-05-01,1.14,1.58,0.66
FS,2021-05-02,1.09,1.52,0.60
FS,2021-05-03,1.19,1.61,0.69
FS,2021-05-04,1.36,1.77,0.87
FS,2021-05-05,1.50,1.92,1.05
FS,2021-05-06,1.48,1.87,1.02
FS,2021-05-07,1.24,1.62,0.78
FS,2021-05-08,0.94,1.34,0.50
FS,2021-05-09,0.80,1.20,0.34
FS,2021-05-10,0.93,1.34,0.47
FS,2021-05-11,1.22,1.62,0.76
FS,2021-05-12,1.45,1.86,1.03
FS,2021-05-13,1.44,1.82,1.01
FS,2021-05-14,1.25,1.62,0.82
FS,2021-05-15,1.00,1.37,0.57
FS,2021-05-16,0.79,1.18,0.37
FS,2021-05-17,0.83,1.21,0.38
FS,2021-05-18,1.01,1.40,0.57
FS,2021-05-19,1.22,1.60,0.78
FS,2021-05-20,1.27,1.64,0.84
FS,2021-05-21,1.14,1.51,0.72
FS,2021-05-22,0.99,1.36,0.57
FS,2021-05-23,0.94,1.31,0.51
FS,2021-05-24,1.03,1.40,0.60
FS,2021-05-25,1.27,1.63,0.84
FS,2021-05-26,1.42,1.77,1.00
FS,2021-05-27,1.40,1.75,1.00
FS,2021-05-28,1.14,1.49,0.75
FS,2021-05-29,0.86,1.21,0.46
FS,2021-05-30,0.67,1.02,0.25
FS,2021-05-31,0.64,1.00,0.21
FS,2021-06-01,0.78,1.16,0.36
FS,2021-06-02,0.95,1.33,0.53
FS,2021-06-03,1.02,1.40,0.61
FS,2021-06-04,0.93,1.31,0.52
FS,2021-06-05,0.78,1.16,0.36
FS,2021-06-06,0.83,1.20,0.38
FS,2021-06-07,1.01,1.38,0.56
FS,2021-06-08,1.19,1.57,0.77
FS,2021-06-09,1.28,1.64,0.85
FS,2021-06-10,1.21,1.56,0.78
FS,2021-06-11,0.93,1.29,0.51
FS,2021-06-12,0.72,1.10,0.31
FS,2021-06-13,0.72,1.09,0.28
FS,2021-06-14,0.92,1.30,0.48
FS,2021-06-15,1.13,1.50,0.69
FS,2021-06-16,1.29,1.66,0.87
FS,2021-06-17,1.21,1.56,0.78
FS,2021-06-18,0.99,1.34,0.56
FS,2021-06-19,0.71,1.08,0.29
FS,2021-06-20,0.59,0.97,0.17
FS,2021-06-21,0.76,1.16,0.33
FS,2021-06-22,1.01,1.39,0.56
FS,2021-06-23,1.17,1.54,0.72
FS,2021-06-24,1.37,1.73,0.93
LP,2020-06-10,2.28,4.74,0.00
LP,2020-06-11,1.89,3.65,0.04
LP,2020-06-12,2.11,3.60,0.28
LP,2020-06-13,2.26,3.62,0.64
LP,2020-06-14,2.26,3.47,0.85
LP,2020-06-15,2.28,3.38,1.06
LP,2020-06-16,2.11,3.09,0.98
LP,2020-06-17,1.94,2.86,0.90
LP,2020-06-18,1.76,2.65,0.79
LP,2020-06-19,1.51,2.37,0.57
LP,2020-06-20,1.32,2.12,0.35
LP,2020-06-21,1.30,2.10,0.34
LP,2020-06-22,1.32,2.13,0.38
LP,2020-06-23,1.53,2.37,0.64
LP,2020-06-24,1.67,2.44,0.76
LP,2020-06-25,1.74,2.49,0.88
LP,2020-06-26,1.77,2.49,0.95
LP,2020-06-27,1.79,2.48,1.00
LP,2020-06-28,1.67,2.33,0.90
LP,2020-06-29,1.63,2.28,0.89
LP,2020-06-30,1.59,2.25,0.90
LP,2020-07-01,1.62,2.25,0.93
LP,2020-07-02,1.69,2.30,1.02
LP,2020-07-03,1.63,2.22,0.98
LP,2020-07-04,1.59,2.16,0.95
LP,2020-07-05,1.57,2.13,0.95
LP,2020-07-06,1.58,2.13,0.98
LP,2020-07-07,1.64,2.16,1.04
LP,2020-07-08,1.72,2.24,1.16
LP,2020-07-09,1.68,2.16,1.11
LP,2020-07-10,1.66,2.15,1.14
LP,2020-07-11,1.42,1.89,0.90
LP,2020-07-12,1.22,1.68,0.69
LP,2020-07-13,1.07,1.54,0.55
LP,2020-07-14,1.05,1.52,0.52
LP,2020-07-15,1.13,1.59,0.59
LP,2020-07-16,1.46,1.91,0.93
LP,2020-07-17,1.51,1.97,1.03
LP,2020-07-18,1.50,1.92,1.00
LP,2020-07-19,1.36,1.78,0.88
LP,2020-07-20,1.19,1.62,0.73
LP,2020-07-21,1.10,1.54,0.65
LP,2020-07-22,1.11,1.54,0.65
LP,2020-07-23,1.14,1.55,0.66
LP,2020-07-24,1.11,1.54,0.66
LP,2020-07-25,0.98,1.38,0.49
LP,2020-07-26,0.81,1.24,0.35
LP,2020-07-27,0.83,1.25,0.34
LP,2020-07-28,0.96,1.37,0.45
LP,2020-07-29,1.11,1.52,0.61
LP,2020-07-30,1.08,1.49,0.59
LP,2020-07-31,0.95,1.36,0.46
LP,2020-08-01,0.64,1.07,0.18
LP,2020-08-02,0.40,0.79,0.00
LP,2020-08-03,0.33,0.75,0.00
LP,2020-08-04,0.52,0.95,0.04
LP,2020-08-05,0.77,1.23,0.22
LP,2020-08-06,1.01,1.50,0.49
LP,2020-08-07,1.00,1.47,0.47
LP,2020-08-08,0.81,1.29,0.30
LP,2020-08-09,0.50,0.93,0.02
LP,2020-08-10,0.27,0.74,0.00
LP,2020-08-11,0.25,0.72,0.00
LP,2020-08-12,0.44,0.91,0.00
LP,2020-08-13,0.73,1.25,0.15
LP,2020-08-14,1.07,1.61,0.47
LP,2020-08-15,1.11,1.62,0.50
LP,2020-08-16,1.00,1.51,0.40
LP,2020-08-17,0.79,1.30,0.21
LP,2020-08-18,0.70,1.22,0.14
LP,2020-08-19,0.70,1.21,0.11
LP,2020-08-20,0.92,1.47,0.31
LP,2020-08-21,0.94,1.48,0.32
LP,2020-08-22,0.91,1.46,0.31
LP,2020-08-23,0.70,1.21,0.10
LP,2020-08-24,0.46,0.97,0.00
LP,2020-08-25,0.31,0.86,0.00
LP,2020-08-26,0.34,0.89,0.00
LP,2020-08-27,0.46,1.02,0.00
LP,2020-08-28,0.70,1.28,0.07
LP,2020-08-29,0.81,1.39,0.13
LP,2020-08-30,0.86,1.44,0.16
LP,2020-08-31,0.84,1.46,0.19
LP,2020-09-01,0.86,1.46,0.18
LP,2020-09-02,0.87,1.46,0.17
LP,2020-09-03,0.85,1.43,0.14
LP,2020-09-04,0.78,1.36,0.09
LP,2020-09-05,0.67,1.23,0.01
LP,2020-09-06,0.52,1.12,0.00
LP,2020-09-07,0.50,1.12,0.00
LP,2020-09-08,0.60,1.21,0.00
LP,2020-09-09,0.80,1.46,0.12
LP,2020-09-10,0.96,1.61,0.20
LP,2020-09-11,0.97,1.61,0.21
LP,2020-09-12,0.83,1.47,0.13
LP,2020-09-13,0.74,1.34,0.03
LP,2020-09-14,0.79,1.43,0.09
LP,2020-09-15,1.01,1.69,0.26
LP,2020-09-16,1.28,1.96,0.52
LP,2020-09-17,1.35,2.00,0.60
LP,2020-09-18,1.25,1.87,0.50
LP,2020-09-19,1.00,1.64,0.30
LP,2020-09-20,0.82,1.43,0.13
LP,2020-09-21,0.83,1.44,0.12
LP,2020-09-22,1.05,1.69,0.29
LP,2020-09-23,1.26,1.91,0.52
LP,2020-09-24,1.38,2.01,0.66
LP,2020-09-25,1.26,1.88,0.56
LP,2020-09-26,0.95,1.55,0.25
LP,2020-09-27,0.64,1.19,0.01
LP,2020-09-28,0.57,1.16,0.01
LP,2020-09-29,0.71,1.32,0.05
LP,2020-09-30,1.03,1.67,0.26
LP,2020-10-01,1.23,1.89,0.49
LP,2020-10-02,1.23,1.86,0.49
LP,2020-10-03,1.06,1.70,0.36
LP,2020-10-04,0.80,1.39,0.11
LP,2020-10-05,0.67,1.25,0.02
LP,2020-10-06,0.68,1.27,0.02
LP,2020-10-07,0.92,1.56,0.18
LP,2020-10-08,1.18,1.83,0.41
LP,2020-10-09,1.20,1.84,0.45
LP,2020-10-10,1.04,1.67,0.31
LP,2020-10-11,0.87,1.51,0.19
LP,2020-10-12,0.71,1.28,0.02
LP,2020-10-13,0.70,1.30,0.03
LP,2020-10-14,0.82,1.44,0.09
LP,2020-10-15,0.97,1.62,0.21
LP,2020-10-16,1.14,1.79,0.36
LP,2020-10-17,1.04,1.68,0.28
LP,2020-10-18,0.95,1.59,0.22
LP,2020-10-19,0.85,1.47,0.13
LP,2020-10-20,0.82,1.43,0.09
LP,2020-10-21,0.88,1.53,0.16
LP,2020-10-22,0.90,1.53,0.14
LP,2020-10-23,0.86,1.50,0.13
LP,2020-10-24,0.76,1.38,0.05
LP,2020-10-25,0.64,1.26,0.00
LP,2020-10-26,0.67,1.32,0.03
LP,2020-10-27,0.80,1.46,0.08
LP,2020-10-28,1.03,1.71,0.23
LP,2020-10-29,1.14,1.84,0.36
LP,2020-10-30,1.07,1.76,0.31
LP,2020-10-31,0.87,1.50,0.11
LP,2020-11-01,0.67,1.28,0.00
LP,2020-11-02,0.51,1.18,0.00
LP,2020-11-03,0.54,1.23,0.00
LP,2020-11-04,0.62,1.30,0.00
LP,2020-11-05,0.79,1.47,0.04
LP,2020-11-06,0.79,1.50,0.08
LP,2020-11-07,0.71,1.39,0.02
LP,2020-11-08,0.55,1.27,0.00
LP,2020-11-09,0.50,1.24,0.00
LP,2020-11-10,0.56,1.31,0.00
LP,2020-11-11,0.79,1.53,0.05
LP,2020-11-12,1.03,1.78,0.18
LP,2020-11-13,1.09,1.82,0.21
LP,2020-11-14,0.99,1.72,0.17
LP,2020-11-15,0.75,1.42,0.00
LP,2020-11-16,0.52,1.27,0.00
LP,2020-11-17,0.42,1.20,0.00
LP,2020-11-18,0.45,1.24,0.00
LP,2020-11-19,0.55,1.34,0.00
LP,2020-11-20,0.60,1.39,0.00
LP,2020-11-21,0.60,1.40,0.00
LP,2020-11-22,0.47,1.30,0.00
LP,2020-11-23,0.44,1.28,0.00
LP,2020-11-24,0.49,1.34,0.00
LP,2020-11-25,0.68,1.52,0.00
LP,2020-11-26,0.93,1.75,0.06
LP,2020-11-27,0.99,1.79,0.08
LP,2020-11-28,1.03,1.82,0.10
LP,2020-11-29,1.06,1.85,0.13
LP,2020-11-30,1.09,1.87,0.15
LP,2020-12-01,1.24,2.03,0.27
LP,2020-12-02,1.34,2.17,0.43
LP,2020-12-03,1.30,2.09,0.39
LP,2020-12-04,1.19,1.96,0.30
LP,2020-12-05,1.00,1.71,0.12
LP,2020-12-06,0.91,1.61,0.06
LP,2020-12-07,1.03,1.77,0.15
LP,2020-12-08,1.29,2.08,0.40
LP,2020-12-09,1.64,2.40,0.76
LP,2020-12-10,1.91,2.63,1.09
LP,2020-12-11,1.89,2.57,1.12
LP,2020-12-12,1.67,2.32,0.93
LP,2020-12-13,1.55,2.21,0.86
LP,2020-12-14,1.46,2.09,0.76
LP,2020-12-15,1.44,2.07,0.76
LP,2020-12-16,1.70,2.30,1.02
LP,2020-12-17,1.88,2.48,1.26
LP,2020-12-18,1.91,2.47,1.31
LP,2020-12-19,1.81,2.32,1.20
LP,2020-12-20,1.81,2.30,1.22
LP,2020-12-21,1.91,2.40,1.37
LP,2020-12-22,2.31,2.76,1.79
LP,2020-12-23,2.36,2.77,1.87
LP,2020-12-24,2.22,2.60,1.76
LP,2020-12-25,1.77,2.14,1.33
LP,2020-12-26,1.35,1.72,0.92
LP,2020-12-27,1.15,1.52,0.71
LP,2020-12-28,1.44,1.81,1.01
LP,2020-12-29,1.84,2.20,1.44
LP,2020-12-30,2.13,2.46,1.75
LP,2020-12-31,2.03,2.34,1.67
LP,2021-01-01,1.74,2.04,1.40
LP,2021-01-02,1.40,1.70,1.07
LP,2021-01-03,1.42,1.72,1.10
LP,2021-01-04,1.65,1.94,1.34
LP,2021-01-05,1.89,2.16,1.59
LP,2021-01-06,2.00,2.25,1.71
LP,2021-01-07,1.78,2.01,1.49
LP,2021-01-08,1.53,1.76,1.26
LP,2021-01-09,1.27,1.49,0.99
LP,2021-01-10,1.01,1.23,0.73
LP,2021-01-11,1.01,1.24,0.74
LP,2021-01-12,0.95,1.18,0.68
LP,2021-01-13,0.89,1.12,0.61
LP,2021-01-14,0.76,0.99,0.48
LP,2021-01-15,0.54,0.77,0.24
LP,2021-01-16,0.35,0.58,0.05
LP,2021-01-17,0.24,0.47,0.00
LP,2021-01-18,0.36,0.61,0.05
LP,2021-01-19,0.88,1.15,0.55
LP,2021-01-20,1.20,1.48,0.90
LP,2021-01-21,1.22,1.49,0.92
LP,2021-01-22,0.85,1.10,0.52
LP,2021-01-23,0.43,0.69,0.10
LP,2021-01-24,0.05,0.38,0.00
LP,2021-01-25,0.00,0.33,0.00
LP,2021-01-26,0.16,0.45,0.00
LP,2021-01-27,0.48,0.79,0.10
LP,2021-01-28,0.68,1.03,0.30
LP,2021-01-29,0.50,0.84,0.12
LP,2021-01-30,0.05,0.45,0.00
LP,2021-01-31,0.00,0.37,0.00
LP,2021-02-01,0.00,0.42,0.00
LP,2021-02-02,0.19,0.56,0.00
LP,2021-02-03,0.43,0.83,0.04
LP,2021-02-04,0.73,1.16,0.22
LP,2021-02-05,0.76,1.21,0.26
LP,2021-02-06,0.56,0.98,0.07
LP,2021-02-07,0.38,0.80,0.00
LP,2021-02-08,0.25,0.70,0.00
LP,2021-02-09,0.41,0.85,0.00
LP,2021-02-10,0.65,1.14,0.12
LP,2021-02-11,0.73,1.21,0.15
LP,2021-02-12,0.69,1.20,0.15
LP,2021-02-13,0.42,0.90,0.00
LP,2021-02-14,0.25,0.76,0.00
LP,2021-02-15,0.30,0.80,0.00
LP,2021-02-16,0.40,0.91,0.00
LP,2021-02-17,0.69,1.24,0.10
LP,2021-02-18,0.86,1.44,0.23
LP,2021-02-19,0.84,1.39,0.18
LP,2021-02-20,0.72,1.25,0.08
LP,2021-02-21,0.48,1.02,0.00
LP,2021-02-22,0.46,1.02,0.00
LP,2021-02-23,0.54,1.10,0.00
LP,2021-02-24,0.57,1.15,0.02
LP,2021-02-25,0.57,1.14,0.00
LP,2021-02-26,0.48,1.08,0.00
LP,2021-02-27,0.32,0.94,0.00
LP,2021-02-28,0.28,0.90,0.00
LP,2021-03-01,0.39,1.02,0.00
LP,2021-03-02,0.65,1.29,0.01
LP,2021-03-03,0.94,1.63,0.19
LP,2021-03-04,1.07,1.75,0.28
LP,2021-03-05,0.93,1.61,0.20
LP,2021-03-06,0.63,1.25,0.00
LP,2021-03-07,0.34,1.04,0.00
LP,2021-03-08,0.30,0.99,0.00
LP,2021-03-09,0.52,1.23,0.00
LP,2021-03-10,0.93,1.68,0.17
LP,2021-03-11,1.22,1.98,0.40
LP,2021-03-12,1.22,1.96,0.42
LP,2021-03-13,1.04,1.73,0.24
LP,2021-03-14,0.73,1.35,0.00
LP,2021-03-15,0.54,1.23,0.00
LP,2021-03-16,0.43,1.16,0.00
LP,2021-03-17,0.50,1.24,0.00
LP,2021-03-18,0.53,1.27,0.00
LP,2021-03-19,0.51,1.27,0.00
LP,2021-03-20,0.37,1.14,0.00
LP,2021-03-21,0.33,1.10,0.00
LP,2021-03-22,0.40,1.18,0.00
LP,2021-03-23,0.55,1.36,0.00
LP,2021-03-24,0.84,1.63,0.03
LP,2021-03-25,1.10,1.91,0.18
LP,2021-03-26,1.12,1.91,0.20
LP,2021-03-27,0.96,1.70,0.08
LP,2021-03-28,0.77,1.50,0.00
LP,2021-03-29,0.63,1.41,0.00
LP,2021-03-30,0.60,1.42,0.00
LP,2021-03-31,0.70,1.50,0.00
LP,2021-04-01,0.67,1.49,0.00
LP,2021-04-02,0.60,1.44,0.00
LP,2021-04-03,0.41,1.28,0.00
LP,2021-04-04,0.34,1.19,0.00
LP,2021-04-05,0.36,1.22,0.00
LP,2021-04-06,0.47,1.37,0.00
LP,2021-04-07,0.82,1.74,0.04
LP,2021-04-08,1.15,2.06,0.18
LP,2021-04-09,1.22,2.11,0.23
LP,2021-04-10,1.22,2.07,0.22
LP,2021-04-11,1.07,1.88,0.12
LP,2021-04-12,0.95,1.73,0.05
LP,2021-04-13,0.89,1.68,0.04
LP,2021-04-14,0.83,1.62,0.01
LP,2021-04-15,0.89,1.70,0.04
LP,2021-04-16,0.89,1.71,0.05
LP,2021-04-17,0.77,1.59,0.00
LP,2021-04-18,0.78,1.61,0.01
LP,2021-04-19,0.92,1.72,0.02
LP,2021-04-20,1.08,1.90,0.11
LP,2021-04-21,1.26,2.11,0.27
LP,2021-04-22,1.24,2.06,0.25
LP,2021-04-23,1.14,1.94,0.19
LP,2021-04-24,0.97,1.72,0.06
LP,2021-04-25,0.70,1.48,0.00
LP,2021-04-26,0.59,1.44,0.00
LP,2021-04-27,0.62,1.48,0.00
LP,2021-04-28,0.71,1.56,0.00
LP,2021-04-29,0.86,1.67,0.01
LP,2021-04-30,0.93,1.77,0.08
LP,2021-05-01,0.87,1.68,0.03
LP,2021-05-02,0.87,1.69,0.04
LP,2021-05-03,0.93,1.75,0.06
LP,2021-05-04,1.04,1.85,0.10
LP,2021-05-05,1.27,2.12,0.29
LP,2021-05-06,1.43,2.28,0.46
LP,2021-05-07,1.45,2.26,0.49
LP,2021-05-08,1.31,2.11,0.40
LP,2021-05-09,1.16,1.91,0.24
LP,2021-05-10,1.05,1.81,0.19
LP,2021-05-11,1.03,1.77,0.15
LP,2021-05-12,1.09,1.84,0.19
LP,2021-05-13,1.18,1.95,0.28
LP,2021-05-14,1.14,1.91,0.27
LP,2021-05-15,1.03,1.75,0.15
LP,2021-05-16,0.97,1.68,0.10
LP,2021-05-17,1.05,1.79,0.18
LP,2021-05-18,1.25,2.02,0.36
LP,2021-05-19,1.51,2.26,0.63
LP,2021-05-20,1.66,2.38,0.82
LP,2021-05-21,1.54,2.23,0.73
LP,2021-05-22,1.31,1.98,0.51
LP,2021-05-23,1.12,1.80,0.35
LP,2021-05-24,1.06,1.74,0.29
LP,2021-05-25,1.18,1.89,0.42
LP,2021-05-26,1.44,2.15,0.70
LP,2021-05-27,1.52,2.18,0.77
LP,2021-05-28,1.49,2.15,0.79
LP,2021-05-29,1.25,1.89,0.55
LP,2021-05-30,1.11,1.73,0.39
LP,2021-05-31,1.24,1.89,0.55
LP,2021-06-01,1.51,2.16,0.85
LP,2021-06-02,1.81,2.40,1.14
LP,2021-06-03,1.94,2.50,1.31
LP,2021-06-04,1.69,2.22,1.08
LP,2021-06-05,1.32,1.85,0.73
LP,2021-06-06,1.06,1.59,0.46
LP,2021-06-07,0.97,1.49,0.34
LP,2021-06-08,1.13,1.67,0.51
LP,2021-06-09,1.44,1.99,0.86
LP,2021-06-10,1.59,2.11,1.02
LP,2021-06-11,1.56,2.08,1.03
LP,2021-06-12,1.32,1.83,0.80
LP,2021-06-13,1.22,1.70,0.67
LP,2021-06-14,1.26,1.76,0.74
LP,2021-06-15,1.41,1.87,0.86
LP,2021-06-16,1.68,2.15,1.18
LP,2021-06-17,1.87,2.29,1.36
LP,2021-06-18,1.80,2.23,1.35
LP,2021-06-19,1.57,1.97,1.11
LP,2021-06-20,1.51,1.91,1.07
LP,2021-06-21,1.74,2.12,1.30
LP,2021-06-22,1.80,2.17,1.39
LP,2021-06-23,1.85,2.19,1.44
LP,2021-06-24,1.88,2.22,1.51
MP,2020-06-05,0.44,3.96,0.00
MP,2020-06-06,0.48,2.88,0.00
MP,2020-06-07,0.48,2.43,0.00
MP,2020-06-08,0.53,2.30,0.00
MP,2020-06-09,0.69,2.32,0.00
MP,2020-06-10,1.39,2.73,0.09
MP,2020-06-11,1.77,3.01,0.31
MP,2020-06-12,1.95,3.12,0.56
MP,2020-06-13,1.87,2.95,0.59
MP,2020-06-14,1.80,2.84,0.64
MP,2020-06-15,1.91,2.89,0.82
MP,2020-06-16,2.00,2.90,0.96
MP,2020-06-17,1.97,2.82,1.00
MP,2020-06-18,1.85,2.65,0.92
MP,2020-06-19,1.61,2.39,0.72
MP,2020-06-20,1.47,2.24,0.60
MP,2020-06-21,1.30,2.07,0.45
MP,2020-06-22,1.30,2.06,0.44
MP,2020-06-23,1.44,2.20,0.59
MP,2020-06-24,1.56,2.30,0.73
MP,2020-06-25,1.66,2.37,0.85
MP,2020-06-26,1.68,2.38,0.92
MP,2020-06-27,1.62,2.28,0.86
MP,2020-06-28,1.62,2.26,0.88
MP,2020-06-29,1.69,2.31,0.97
MP,2020-06-30,1.76,2.36,1.07
MP,2020-07-01,1.88,2.44,1.20
MP,2020-07-02,1.86,2.42,1.24
MP,2020-07-03,1.82,2.37,1.24
MP,2020-07-04,1.70,2.21,1.11
MP,2020-07-05,1.54,2.05,0.98
MP,2020-07-06,1.58,2.08,1.03
MP,2020-07-07,1.73,2.21,1.19
MP,2020-07-08,1.84,2.29,1.31
MP,2020-07-09,1.93,2.36,1.43
MP,2020-07-10,1.80,2.22,1.33
MP,2020-07-11,1.55,1.95,1.08
MP,2020-07-12,1.40,1.80,0.94
MP,2020-07-13,1.32,1.72,0.87
MP,2020-07-14,1.39,1.78,0.94
MP,2020-07-15,1.57,1.94,1.12
MP,2020-07-16,1.58,1.94,1.15
MP,2020-07-17,1.39,1.75,0.98
MP,2020-07-18,1.08,1.44,0.67
MP,2020-07-19,0.86,1.23,0.45
MP,2020-07-20,0.90,1.28,0.49
MP,2020-07-21,1.22,1.58,0.79
MP,2020-07-22,1.55,1.90,1.14
MP,2020-07-23,1.68,2.01,1.28
MP,2020-07-24,1.49,1.81,1.10
MP,2020-07-25,1.02,1.33,0.62
MP,2020-07-26,0.74,1.08,0.36
MP,2020-07-27,0.76,1.10,0.36
MP,2020-07-28,1.08,1.42,0.68
MP,2020-07-29,1.40,1.73,1.01
MP,2020-07-30,1.42,1.74,1.04
MP,2020-07-31,1.11,1.43,0.74
MP,2020-08-01,0.68,1.02,0.32
MP,2020-08-02,0.66,0.98,0.25
MP,2020-08-03,0.88,1.21,0.47
MP,2020-08-04,1.22,1.56,0.84
MP,2020-08-05,1.39,1.71,1.01
MP,2020-08-06,1.19,1.51,0.82
MP,2020-08-07,0.74,1.06,0.36
MP,2020-08-08,0.20,0.52,0.00
MP,2020-08-09,0.00,0.35,0.00
MP,2020-08-10,0.00,0.37,0.00
MP,2020-08-11,0.17,0.53,0.00
MP,2020-08-12,0.49,0.89,0.08
MP,2020-08-13,0.98,1.41,0.49
MP,2020-08-14,1.27,1.68,0.78
MP,2020-08-15,1.22,1.62,0.74
MP,2020-08-16,0.98,1.40,0.53
MP,2020-08-17,0.84,1.27,0.39
MP,2020-08-18,0.78,1.20,0.30
MP,2020-08-19,0.84,1.26,0.35
MP,2020-08-20,0.80,1.22,0.30
MP,2020-08-21,0.61,1.04,0.14
MP,2020-08-22,0.34,0.75,0.00
MP,2020-08-23,0.17,0.62,0.00
MP,2020-08-24,0.17,0.61,0.00
MP,2020-08-25,0.28,0.72,0.00
MP,2020-08-26,0.44,0.89,0.00
MP,2020-08-27,0.60,1.07,0.05
MP,2020-08-28,0.93,1.46,0.34
MP,2020-08-29,0.99,1.52,0.41
MP,2020-08-30,1.02,1.55,0.45
MP,2020-08-31,1.00,1.50,0.40
MP,2020-09-01,0.84,1.35,0.26
MP,2020-09-02,0.64,1.12,0.07
MP,2020-09-03,0.51,0.99,0.00
MP,2020-09-04,0.38,0.90,0.00
MP,2020-09-05,0.43,0.95,0.00
MP,2020-09-06,0.40,0.93,0.00
MP,2020-09-07,0.42,0.97,0.00
MP,2020-09-08,0.60,1.15,0.02
MP,2020-09-09,0.83,1.40,0.15
MP,2020-09-10,1.01,1.62,0.34
MP,2020-09-11,1.09,1.68,0.41
MP,2020-09-12,0.91,1.50,0.26
MP,2020-09-13,0.76,1.30,0.09
MP,2020-09-14,0.68,1.22,0.04
MP,2020-09-15,0.85,1.44,0.17
MP,2020-09-16,1.12,1.72,0.41
MP,2020-09-17,1.31,1.90,0.62
MP,2020-09-18,1.27,1.86,0.62
MP,2020-09-19,1.10,1.67,0.44
MP,2020-09-20,0.85,1.40,0.19
MP,2020-09-21,0.76,1.30,0.10
MP,2020-09-22,0.70,1.24,0.05
MP,2020-09-23,0.70,1.26,0.06
MP,2020-09-24,0.72,1.31,0.09
MP,2020-09-25,0.63,1.19,0.01
MP,2020-09-26,0.55,1.13,0.00
MP,2020-09-27,0.59,1.18,0.00
MP,2020-09-28,0.80,1.41,0.10
MP,2020-09-29,1.03,1.68,0.30
MP,2020-09-30,1.19,1.84,0.47
MP,2020-10-01,1.11,1.74,0.40
MP,2020-10-02,0.96,1.56,0.24
MP,2020-10-03,0.82,1.42,0.14
MP,2020-10-04,0.72,1.30,0.05
MP,2020-10-05,0.83,1.44,0.12
MP,2020-10-06,1.03,1.66,0.28
MP,2020-10-07,1.22,1.88,0.51
MP,2020-10-08,1.24,1.88,0.54
MP,2020-10-09,1.12,1.74,0.42
MP,2020-10-10,0.92,1.52,0.22
MP,2020-10-11,0.79,1.37,0.10
MP,2020-10-12,0.73,1.32,0.07
MP,2020-10-13,0.92,1.53,0.18
MP,2020-10-14,1.06,1.70,0.33
MP,2020-10-15,1.21,1.85,0.49
MP,2020-10-16,1.22,1.85,0.52
MP,2020-10-17,1.08,1.71,0.40
MP,2020-10-18,1.03,1.64,0.33
MP,2020-10-19,1.02,1.63,0.32
MP,2020-10-20,1.01,1.62,0.31
MP,2020-10-21,1.05,1.69,0.38
MP,2020-10-22,0.99,1.58,0.27
MP,2020-10-23,0.87,1.48,0.20
MP,2020-10-24,0.77,1.35,0.09
MP,2020-10-25,0.66,1.23,0.02
MP,2020-10-26,0.76,1.37,0.09
MP,2020-10-27,0.95,1.58,0.22
MP,2020-10-28,1.09,1.71,0.33
MP,2020-10-29,1.08,1.70,0.34
MP,2020-10-30,0.93,1.54,0.21
MP,2020-10-31,0.66,1.22,0.01
MP,2020-11-01,0.44,1.06,0.00
MP,2020-11-02,0.36,1.00,0.00
MP,2020-11-03,0.46,1.11,0.00
MP,2020-11-04,0.77,1.45,0.09
MP,2020-11-05,1.01,1.70,0.24
MP,2020-11-06,1.03,1.72,0.27
MP,2020-11-07,0.99,1.65,0.22
MP,2020-11-08,0.90,1.54,0.14
MP,2020-11-09,0.89,1.52,0.12
MP,2020-11-10,0.90,1.55,0.14
MP,2020-11-11,0.89,1.56,0.16
MP,2020-11-12,0.91,1.55,0.13
MP,2020-11-13,0.83,1.47,0.09
MP,2020-11-14,0.69,1.31,0.00
MP,2020-11-15,0.63,1.28,0.00
MP,2020-11-16,0.73,1.38,0.02
MP,2020-11-17,0.92,1.60,0.13
MP,2020-11-18,1.13,1.82,0.29
MP,2020-11-19,1.18,1.87,0.36
MP,2020-11-20,1.10,1.77,0.29
MP,2020-11-21,0.89,1.55,0.14
MP,2020-11-22,0.68,1.30,0.00
MP,2020-11-23,0.47,1.16,0.00
MP,2020-11-24,0.48,1.19,0.00
MP,2020-11-25,0.62,1.33,0.01
MP,2020-11-26,0.80,1.51,0.06
MP,2020-11-27,0.87,1.58,0.09
MP,2020-11-28,0.89,1.58,0.08
MP,2020-11-29,0.87,1.56,0.08
MP,2020-11-30,0.92,1.62,0.11
MP,2020-12-01,1.07,1.78,0.21
MP,2020-12-02,1.22,1.94,0.36
MP,2020-12-03,1.29,2.01,0.46
MP,2020-12-04,1.24,1.94,0.42
MP,2020-12-05,1.09,1.76,0.27
MP,2020-12-06,1.03,1.73,0.26
MP,2020-12-07,1.08,1.75,0.26
MP,2020-12-08,1.23,1.92,0.42
MP,2020-12-09,1.48,2.16,0.70
MP,2020-12-10,1.60,2.27,0.87
MP,2020-12-11,1.54,2.19,0.84
MP,2020-12-12,1.35,1.96,0.63
MP,2020-12-13,1.25,1.85,0.53
MP,2020-12-14,1.29,1.90,0.59
MP,2020-12-15,1.38,1.98,0.69
MP,2020-12-16,1.59,2.20,0.95
MP,2020-12-17,1.77,2.35,1.15
MP,2020-12-18,1.72,2.27,1.12
MP,2020-12-19,1.59,2.10,0.98
MP,2020-12-20,1.53,2.06,0.97
MP,2020-12-21,1.57,2.07,1.00
MP,2020-12-22,1.80,2.30,1.27
MP,2020-12-23,1.85,2.30,1.31
MP,2020-12-24,1.75,2.18,1.23
MP,2020-12-25,1.54,1.99,1.07
MP,2020-12-26,1.31,1.72,0.80
MP,2020-12-27,1.36,1.78,0.87
MP,2020-12-28,1.61,2.01,1.12
MP,2020-12-29,2.01,2.40,1.56
MP,2020-12-30,2.21,2.57,1.79
MP,2020-12-31,1.99,2.32,1.58
MP,2021-01-01,1.61,1.96,1.25
MP,2021-01-02,1.19,1.53,0.82
MP,2021-01-03,1.18,1.51,0.79
MP,2021-01-04,1.49,1.82,1.12
MP,2021-01-05,1.95,2.27,1.61
MP,2021-01-06,2.26,2.53,1.91
MP,2021-01-07,2.13,2.41,1.84
MP,2021-01-08,1.71,1.96,1.41
MP,2021-01-09,1.19,1.44,0.89
MP,2021-01-10,0.69,0.96,0.40
MP,2021-01-11,0.65,0.92,0.34
MP,2021-01-12,0.70,0.97,0.38
MP,2021-01-13,0.95,1.23,0.64
MP,2021-01-14,1.26,1.53,0.95
MP,2021-01-15,1.09,1.35,0.77
MP,2021-01-16,0.90,1.16,0.58
MP,2021-01-17,0.80,1.06,0.47
MP,2021-01-18,0.63,0.90,0.30
MP,2021-01-19,0.90,1.17,0.56
MP,2021-01-20,1.14,1.41,0.81
MP,2021-01-21,1.22,1.49,0.90
MP,2021-01-22,1.17,1.44,0.86
MP,2021-01-23,0.79,1.06,0.47
MP,2021-01-24,0.39,0.65,0.06
MP,2021-01-25,0.41,0.69,0.08
MP,2021-01-26,0.42,0.71,0.08
MP,2021-01-27,0.62,0.93,0.26
MP,2021-01-28,0.82,1.12,0.44
MP,2021-01-29,0.81,1.11,0.43
MP,2021-01-30,0.48,0.80,0.13
MP,2021-01-31,0.13,0.47,0.00
MP,2021-02-01,0.00,0.36,0.00
MP,2021-02-02,0.07,0.44,0.00
MP,2021-02-03,0.30,0.63,0.00
MP,2021-02-04,0.44,0.80,0.03
MP,2021-02-05,0.57,0.96,0.11
MP,2021-02-06,0.49,0.86,0.03
MP,2021-02-07,0.33,0.72,0.00
MP,2021-02-08,0.26,0.67,0.00
MP,2021-02-09,0.36,0.76,0.00
MP,2021-02-10,0.53,0.95,0.04
MP,2021-02-11,0.76,1.23,0.23
MP,2021-02-12,0.90,1.36,0.35
MP,2021-02-13,0.83,1.31,0.31
MP,2021-02-14,0.76,1.25,0.25
MP,2021-02-15,0.82,1.30,0.28
MP,2021-02-16,0.85,1.32,0.29
MP,2021-02-17,0.93,1.40,0.36
MP,2021-02-18,0.94,1.43,0.40
MP,2021-02-19,0.71,1.17,0.15
MP,2021-02-20,0.55,0.99,0.02
MP,2021-02-21,0.37,0.84,0.00
MP,2021-02-22,0.40,0.88,0.00
MP,2021-02-23,0.57,1.07,0.04
MP,2021-02-24,0.84,1.39,0.25
MP,2021-02-25,1.00,1.56,0.41
MP,2021-02-26,0.94,1.48,0.34
MP,2021-02-27,0.79,1.31,0.19
MP,2021-02-28,0.61,1.11,0.05
MP,2021-03-01,0.58,1.09,0.03
MP,2021-03-02,0.68,1.21,0.08
MP,2021-03-03,0.91,1.48,0.27
MP,2021-03-04,1.02,1.59,0.38
MP,2021-03-05,1.08,1.64,0.44
MP,2021-03-06,1.00,1.54,0.35
MP,2021-03-07,0.92,1.48,0.30
MP,2021-03-08,1.02,1.59,0.40
MP,2021-03-09,1.21,1.78,0.60
MP,2021-03-10,1.31,1.84,0.68
MP,2021-03-11,1.33,1.86,0.73
MP,2021-03-12,1.10,1.61,0.49
MP,2021-03-13,0.84,1.36,0.24
MP,2021-03-14,0.66,1.16,0.08
MP,2021-03-15,0.66,1.17,0.07
MP,2021-03-16,0.89,1.46,0.27
MP,2021-03-17,1.13,1.69,0.49
MP,2021-03-18,1.28,1.82,0.65
MP,2021-03-19,1.14,1.70,0.56
MP,2021-03-20,0.82,1.34,0.21
MP,2021-03-21,0.55,1.03,0.00
MP,2021-03-22,0.40,0.93,0.00
MP,2021-03-23,0.54,1.07,0.00
MP,2021-03-24,0.87,1.45,0.21
MP,2021-03-25,1.24,1.85,0.60
MP,2021-03-26,1.44,2.02,0.82
MP,2021-03-27,1.37,1.92,0.76
MP,2021-03-28,1.19,1.71,0.56
MP,2021-03-29,1.05,1.58,0.43
MP,2021-03-30,0.96,1.51,0.36
MP,2021-03-31,0.97,1.52,0.36
MP,2021-04-01,0.91,1.46,0.30
MP,2021-04-02,0.80,1.33,0.17
MP,2021-04-03,0.60,1.10,0.02
MP,2021-04-04,0.35,0.90,0.00
MP,2021-04-05,0.34,0.90,0.00
MP,2021-04-06,0.46,1.02,0.00
MP,2021-04-07,0.83,1.43,0.16
MP,2021-04-08,1.09,1.72,0.41
MP,2021-04-09,1.25,1.84,0.55
MP,2021-04-10,1.25,1.84,0.59
MP,2021-04-11,1.23,1.80,0.57
MP,2021-04-12,1.17,1.73,0.51
MP,2021-04-13,1.19,1.74,0.53
MP,2021-04-14,1.18,1.73,0.53
MP,2021-04-15,1.19,1.74,0.55
MP,2021-04-16,1.00,1.55,0.37
MP,2021-04-17,0.83,1.37,0.20
MP,2021-04-18,0.65,1.17,0.05
MP,2021-04-19,0.58,1.10,0.00
MP,2021-04-20,0.76,1.32,0.11
MP,2021-04-21,0.89,1.47,0.21
MP,2021-04-22,0.98,1.57,0.30
MP,2021-04-23,0.94,1.52,0.26
MP,2021-04-24,0.80,1.36,0.13
MP,2021-04-25,0.57,1.11,0.00
MP,2021-04-26,0.54,1.10,0.00
MP,2021-04-27,0.67,1.24,0.03
MP,2021-04-28,0.93,1.54,0.21
MP,2021-04-29,1.16,1.80,0.46
MP,2021-04-30,1.15,1.78,0.47
MP,2021-05-01,0.97,1.56,0.27
MP,2021-05-02,0.88,1.46,0.18
MP,2021-05-03,0.93,1.53,0.23
MP,2021-05-04,1.09,1.69,0.37
MP,2021-05-05,1.30,1.90,0.60
MP,2021-05-06,1.41,1.99,0.73
MP,2021-05-07,1.31,1.88,0.65
MP,2021-05-08,1.11,1.67,0.45
MP,2021-05-09,0.94,1.49,0.27
MP,2021-05-10,0.97,1.57,0.34
MP,2021-05-11,1.16,1.74,0.50
MP,2021-05-12,1.32,1.88,0.66
MP,2021-05-13,1.43,2.00,0.82
MP,2021-05-14,1.31,1.85,0.69
MP,2021-05-15,1.10,1.64,0.49
MP,2021-05-16,0.98,1.51,0.35
MP,2021-05-17,1.04,1.58,0.41
MP,2021-05-18,1.23,1.78,0.62
MP,2021-05-19,1.49,2.01,0.88
MP,2021-05-20,1.58,2.08,0.99
MP,2021-05-21,1.45,1.94,0.88
MP,2021-05-22,1.17,1.66,0.61
MP,2021-05-23,0.96,1.44,0.38
MP,2021-05-24,0.87,1.36,0.29
MP,2021-05-25,1.02,1.52,0.43
MP,2021-05-26,1.25,1.76,0.69
MP,2021-05-27,1.32,1.80,0.75
MP,2021-05-28,1.22,1.70,0.67
MP,2021-05-29,0.98,1.45,0.42
MP,2021-05-30,0.83,1.31,0.27
MP,2021-05-31,0.90,1.39,0.33
MP,2021-06-01,1.23,1.73,0.68
MP,2021-06-02,1.47,1.94,0.92
MP,2021-06-03,1.50,1.97,0.99
MP,2021-06-04,1.28,1.72,0.75
MP,2021-06-05,0.85,1.30,0.33
MP,2021-06-06,0.65,1.09,0.12
MP,2021-06-07,0.73,1.21,0.20
MP,2021-06-08,1.09,1.59,0.56
MP,2021-06-09,1.52,1.98,0.98
MP,2021-06-10,1.70,2.13,1.18
MP,2021-06-11,1.53,1.96,1.05
MP,2021-06-12,1.25,1.68,0.78
MP,2021-06-13,1.10,1.52,0.61
MP,2021-06-14,1.19,1.62,0.72
MP,2021-06-15,1.33,1.75,0.86
MP,2021-06-16,1.55,1.94,1.07
MP,2021-06-17,1.67,2.06,1.23
MP,2021-06-18,1.62,2.00,1.20
MP,2021-06-19,1.37,1.73,0.94
MP,2021-06-20,1.34,1.69,0.91
MP,2021-06-21,1.37,1.72,0.95
MP,2021-06-22,1.42,1.77,1.02
MP,2021-06-23,1.40,1.73,0.99
MP,2021-06-24,1.38,1.72,1.00
NC,2020-06-22,2.56,4.76,0.05
NC,2020-06-23,2.40,4.09,0.39
NC,2020-06-24,2.00,3.37,0.34
NC,2020-06-25,1.90,3.12,0.42
NC,2020-06-26,1.66,2.78,0.36
NC,2020-06-27,1.79,2.84,0.54
NC,2020-06-28,1.73,2.72,0.57
NC,2020-06-29,1.94,2.89,0.88
NC,2020-06-30,2.08,2.97,1.11
NC,2020-07-01,2.08,2.91,1.18
NC,2020-07-02,1.93,2.69,1.05
NC,2020-07-03,1.85,2.61,1.05
NC,2020-07-04,1.71,2.43,0.92
NC,2020-07-05,1.67,2.37,0.90
NC,2020-07-06,1.54,2.22,0.78
NC,2020-07-07,1.61,2.27,0.86
NC,2020-07-08,1.58,2.22,0.84
NC,2020-07-09,1.65,2.28,0.94
NC,2020-07-10,1.65,2.26,0.96
NC,2020-07-11,1.55,2.13,0.86
NC,2020-07-12,1.37,1.95,0.70
NC,2020-07-13,1.30,1.87,0.63
NC,2020-07-14,1.30,1.88,0.65
NC,2020-07-15,1.44,2.01,0.80
NC,2020-07-16,1.45,2.02,0.84
NC,2020-07-17,1.35,1.90,0.74
NC,2020-07-18,1.26,1.80,0.65
NC,2020-07-19,1.15,1.68,0.53
NC,2020-07-20,1.20,1.75,0.61
NC,2020-07-21,1.38,1.90,0.77
NC,2020-07-22,1.59,2.10,1.01
NC,2020-07-23,1.65,2.14,1.09
NC,2020-07-24,1.59,2.05,1.03
NC,2020-07-25,1.33,1.79,0.79
NC,2020-07-26,1.10,1.57,0.57
NC,2020-07-27,0.98,1.46,0.45
NC,2020-07-28,1.05,1.53,0.51
NC,2020-07-29,1.14,1.62,0.61
NC,2020-07-30,1.21,1.68,0.68
NC,2020-07-31,1.15,1.61,0.62
NC,2020-08-01,0.96,1.42,0.43
NC,2020-08-02,0.79,1.25,0.25
NC,2020-08-03,0.70,1.17,0.17
NC,2020-08-04,0.84,1.32,0.28
NC,2020-08-05,1.10,1.58,0.54
NC,2020-08-06,1.30,1.79,0.78
NC,2020-08-07,1.25,1.71,0.72
NC,2020-08-08,1.02,1.47,0.48
NC,2020-08-09,0.63,1.08,0.12
NC,2020-08-10,0.36,0.81,0.00
NC,2020-08-11,0.43,0.88,0.00
NC,2020-08-12,0.81,1.31,0.22
NC,2020-08-13,1.08,1.59,0.49
NC,2020-08-14,1.33,1.83,0.77
NC,2020-08-15,1.25,1.74,0.71
NC,2020-08-16,1.04,1.51,0.48
NC,2020-08-17,0.87,1.36,0.33
NC,2020-08-18,0.84,1.32,0.27
NC,2020-08-19,0.99,1.49,0.43
NC,2020-08-20,1.15,1.64,0.59
NC,2020-08-21,1.09,1.57,0.53
NC,2020-08-22,0.88,1.36,0.32
NC,2020-08-23,0.60,1.05,0.06
NC,2020-08-24,0.63,1.10,0.07
NC,2020-08-25,0.80,1.33,0.24
NC,2020-08-26,1.18,1.70,0.60
NC,2020-08-27,1.54,2.02,0.96
NC,2020-08-28,1.51,2.00,0.99
NC,2020-08-29,1.35,1.81,0.82
NC,2020-08-30,1.06,1.52,0.53
NC,2020-08-31,0.84,1.30,0.30
NC,2020-09-01,0.83,1.30,0.28
NC,2020-09-02,0.92,1.39,0.35
NC,2020-09-03,1.03,1.53,0.50
NC,2020-09-04,1.07,1.57,0.55
NC,2020-09-05,0.97,1.45,0.43
NC,2020-09-06,0.83,1.32,0.30
NC,2020-09-07,0.73,1.20,0.17
NC,2020-09-08,0.90,1.39,0.33
NC,2020-09-09,1.08,1.59,0.54
NC,2020-09-10,1.29,1.77,0.74
NC,2020-09-11,1.33,1.79,0.78
NC,2020-09-12,1.11,1.59,0.60
NC,2020-09-13,0.79,1.25,0.25
NC,2020-09-14,0.60,1.05,0.08
NC,2020-09-15,0.70,1.19,0.16
NC,2020-09-16,1.19,1.69,0.63
NC,2020-09-17,1.62,2.10,1.09
NC,2020-09-18,1.70,2.16,1.20
NC,2020-09-19,1.46,1.90,0.97
NC,2020-09-20,1.10,1.53,0.60
NC,2020-09-21,0.69,1.14,0.21
NC,2020-09-22,0.50,0.90,0.01
NC,2020-09-23,0.47,0.89,0.00
NC,2020-09-24,0.55,1.02,0.07
NC,2020-09-25,0.65,1.13,0.12
NC,2020-09-26,0.57,1.05,0.07
NC,2020-09-27,0.49,0.94,0.00
NC,2020-09-28,0.63,1.14,0.10
NC,2020-09-29,0.89,1.41,0.29
NC,2020-09-30,1.28,1.81,0.71
NC,2020-10-01,1.61,2.11,1.06
NC,2020-10-02,1.62,2.10,1.10
NC,2020-10-03,1.45,1.90,0.92
NC,2020-10-04,1.12,1.58,0.61
NC,2020-10-05,0.82,1.28,0.30
NC,2020-10-06,0.71,1.18,0.19
NC,2020-10-07,0.77,1.27,0.25
NC,2020-10-08,0.91,1.41,0.37
NC,2020-10-09,1.03,1.51,0.47
NC,2020-10-10,0.91,1.39,0.36
NC,2020-10-11,0.62,1.08,0.09
NC,2020-10-12,0.51,0.95,0.00
NC,2020-10-13,0.52,0.97,0.00
NC,2020-10-14,0.69,1.20,0.13
NC,2020-10-15,1.00,1.52,0.39
NC,2020-10-16,1.25,1.77,0.67
NC,2020-10-17,1.17,1.66,0.58
NC,2020-10-18,1.13,1.62,0.55
NC,2020-10-19,1.02,1.53,0.47
NC,2020-10-20,1.12,1.62,0.56
NC,2020-10-21,1.13,1.64,0.59
NC,2020-10-22,0.95,1.45,0.40
NC,2020-10-23,0.76,1.24,0.19
NC,2020-10-24,0.46,0.92,0.00
NC,2020-10-25,0.16,0.68,0.00
NC,2020-10-26,0.18,0.67,0.00
NC,2020-10-27,0.30,0.79,0.00
NC,2020-10-28,0.55,1.08,0.02
NC,2020-10-29,0.84,1.43,0.21
NC,2020-10-30,0.78,1.33,0.12
NC,2020-10-31,0.64,1.17,0.03
NC,2020-11-01,0.37,0.95,0.00
NC,2020-11-02,0.25,0.84,0.00
NC,2020-11-03,0.29,0.87,0.00
NC,2020-11-04,0.42,1.03,0.00
NC,2020-11-05,0.57,1.18,0.00
NC,2020-11-06,0.69,1.34,0.07
NC,2020-11-07,0.66,1.28,0.02
NC,2020-11-08,0.47,1.13,0.00
NC,2020-11-09,0.44,1.11,0.00
NC,2020-11-10,0.47,1.15,0.00
NC,2020-11-11,0.62,1.29,0.00
NC,2020-11-12,0.79,1.48,0.07
NC,2020-11-13,0.83,1.52,0.09
NC,2020-11-14,0.75,1.43,0.05
NC,2020-11-15,0.56,1.26,0.00
NC,2020-11-16,0.41,1.15,0.00
NC,2020-11-17,0.45,1.20,0.00
NC,2020-11-18,0.56,1.30,0.00
NC,2020-11-19,0.66,1.39,0.00
NC,2020-11-20,0.71,1.43,0.00
NC,2020-11-21,0.66,1.40,0.00
NC,2020-11-22,0.61,1.37,0.00
NC,2020-11-23,0.66,1.42,0.01
NC,2020-11-24,0.66,1.42,0.00
NC,2020-11-25,0.89,1.64,0.06
NC,2020-11-26,0.94,1.71,0.11
NC,2020-11-27,0.86,1.61,0.07
NC,2020-11-28,0.68,1.43,0.00
NC,2020-11-29,0.56,1.36,0.00
NC,2020-11-30,0.60,1.41,0.00
NC,2020-12-01,0.91,1.68,0.06
NC,2020-12-02,1.14,1.95,0.23
NC,2020-12-03,1.35,2.15,0.41
NC,2020-12-04,1.30,2.11,0.43
NC,2020-12-05,1.12,1.88,0.26
NC,2020-12-06,0.86,1.56,0.06
NC,2020-12-07,0.74,1.44,0.00
NC,2020-12-08,0.81,1.53,0.03
NC,2020-12-09,1.04,1.79,0.15
NC,2020-12-10,1.26,2.04,0.35
NC,2020-12-11,1.34,2.11,0.45
NC,2020-12-12,1.22,1.97,0.36
NC,2020-12-13,1.10,1.84,0.27
NC,2020-12-14,1.07,1.81,0.25
NC,2020-12-15,1.15,1.88,0.30
NC,2020-12-16,1.41,2.14,0.56
NC,2020-12-17,1.58,2.29,0.77
NC,2020-12-18,1.64,2.32,0.86
NC,2020-12-19,1.51,2.17,0.76
NC,2020-12-20,1.39,2.06,0.68
NC,2020-12-21,1.38,2.01,0.64
NC,2020-12-22,1.48,2.12,0.78
NC,2020-12-23,1.56,2.16,0.85
NC,2020-12-24,1.57,2.16,0.89
NC,2020-12-25,1.39,1.97,0.73
NC,2020-12-26,1.10,1.67,0.43
NC,2020-12-27,0.97,1.54,0.29
NC,2020-12-28,0.95,1.54,0.28
NC,2020-12-29,1.37,1.95,0.68
NC,2020-12-30,1.73,2.31,1.10
NC,2020-12-31,1.88,2.41,1.26
NC,2021-01-01,1.74,2.26,1.17
NC,2021-01-02,1.38,1.88,0.81
NC,2021-01-03,1.10,1.62,0.55
NC,2021-01-04,1.16,1.67,0.59
NC,2021-01-05,1.43,1.92,0.85
NC,2021-01-06,1.84,2.33,1.31
NC,2021-01-07,1.96,2.42,1.46
NC,2021-01-08,1.86,2.28,1.36
NC,2021-01-09,1.46,1.89,1.00
NC,2021-01-10,1.09,1.51,0.61
NC,2021-01-11,0.85,1.30,0.39
NC,2021-01-12,0.80,1.25,0.32
NC,2021-01-13,0.98,1.41,0.46
NC,2021-01-14,1.09,1.52,0.58
NC,2021-01-15,1.07,1.50,0.57
NC,2021-01-16,0.96,1.39,0.46
NC,2021-01-17,0.70,1.13,0.20
NC,2021-01-18,0.57,1.02,0.11
NC,2021-01-19,0.54,0.98,0.07
NC,2021-01-20,0.61,1.08,0.12
NC,2021-01-21,0.79,1.26,0.24
NC,2021-01-22,0.80,1.28,0.26
NC,2021-01-23,0.65,1.12,0.13
NC,2021-01-24,0.53,0.97,0.02
NC,2021-01-25,0.51,0.96,0.01
NC,2021-01-26,0.67,1.17,0.12
NC,2021-01-27,0.77,1.27,0.18
NC,2021-01-28,0.88,1.39,0.28
NC,2021-01-29,0.77,1.28,0.19
NC,2021-01-30,0.50,0.97,0.00
NC,2021-01-31,0.21,0.74,0.00
NC,2021-02-01,0.18,0.69,0.00
NC,2021-02-02,0.31,0.81,0.00
NC,2021-02-03,0.52,1.05,0.00
NC,2021-02-04,0.77,1.34,0.12
NC,2021-02-05,0.92,1.52,0.25
NC,2021-02-06,0.81,1.37,0.13
NC,2021-02-07,0.55,1.09,0.00
NC,2021-02-08,0.37,0.97,0.00
NC,2021-02-09,0.41,1.01,0.00
NC,2021-02-10,0.65,1.26,0.03
NC,2021-02-11,0.88,1.53,0.19
NC,2021-02-12,0.96,1.58,0.21
NC,2021-02-13,0.83,1.44,0.12
NC,2021-02-14,0.56,1.15,0.00
NC,2021-02-15,0.49,1.12,0.00
NC,2021-02-16,0.61,1.25,0.02
NC,2021-02-17,0.91,1.57,0.16
NC,2021-02-18,1.22,1.89,0.43
NC,2021-02-19,1.26,1.91,0.49
NC,2021-02-20,1.05,1.70,0.32
NC,2021-02-21,0.83,1.44,0.12
NC,2021-02-22,0.59,1.19,0.00
NC,2021-02-23,0.66,1.27,0.00
NC,2021-02-24,0.88,1.54,0.14
NC,2021-02-25,1.05,1.73,0.28
NC,2021-02-26,1.09,1.76,0.32
NC,2021-02-27,0.92,1.57,0.18
NC,2021-02-28,0.66,1.26,0.00
NC,2021-03-01,0.55,1.20,0.00
NC,2021-03-02,0.59,1.25,0.00
NC,2021-03-03,0.80,1.46,0.06
NC,2021-03-04,0.94,1.65,0.19
NC,2021-03-05,0.95,1.63,0.17
NC,2021-03-06,0.79,1.43,0.05
NC,2021-03-07,0.64,1.29,0.00
NC,2021-03-08,0.66,1.32,0.00
NC,2021-03-09,0.90,1.62,0.15
NC,2021-03-10,1.19,1.89,0.33
NC,2021-03-11,1.62,2.32,0.81
NC,2021-03-12,1.70,2.39,0.97
NC,2021-03-13,1.58,2.24,0.88
NC,2021-03-14,1.45,2.07,0.74
NC,2021-03-15,1.29,1.92,0.61
NC,2021-03-16,1.27,1.88,0.57
NC,2021-03-17,1.32,1.94,0.65
NC,2021-03-18,1.41,2.01,0.74
NC,2021-03-19,1.44,2.03,0.79
NC,2021-03-20,1.22,1.81,0.59
NC,2021-03-21,0.79,1.34,0.15
NC,2021-03-22,0.43,0.98,0.00
NC,2021-03-23,0.38,0.97,0.00
NC,2021-03-24,0.52,1.11,0.00
NC,2021-03-25,0.82,1.45,0.14
NC,2021-03-26,1.10,1.75,0.37
NC,2021-03-27,1.04,1.68,0.33
NC,2021-03-28,0.85,1.47,0.17
NC,2021-03-29,0.64,1.22,0.02
NC,2021-03-30,0.68,1.27,0.02
NC,2021-03-31,0.98,1.61,0.22
NC,2021-04-01,1.14,1.77,0.37
NC,2021-04-02,1.09,1.73,0.36
NC,2021-04-03,0.81,1.40,0.10
NC,2021-04-04,0.39,1.03,0.00
NC,2021-04-05,0.27,0.91,0.00
NC,2021-04-06,0.36,1.01,0.00
NC,2021-04-07,0.75,1.44,0.08
NC,2021-04-08,1.32,2.03,0.50
NC,2021-04-09,1.56,2.23,0.77
NC,2021-04-10,1.49,2.13,0.74
NC,2021-04-11,1.43,2.09,0.75
NC,2021-04-12,1.42,2.05,0.74
NC,2021-04-13,1.51,2.12,0.84
NC,2021-04-14,1.65,2.24,1.00
NC,2021-04-15,1.69,2.25,1.05
NC,2021-04-16,1.59,2.13,0.97
NC,2021-04-17,1.41,1.94,0.80
NC,2021-04-18,1.33,1.86,0.73
NC,2021-04-19,1.31,1.83,0.71
NC,2021-04-20,1.47,1.98,0.88
NC,2021-04-21,1.56,2.06,0.99
NC,2021-04-22,1.51,1.99,0.95
NC,2021-04-23,1.34,1.82,0.80
NC,2021-04-24,1.01,1.50,0.48
NC,2021-04-25,0.68,1.15,0.14
NC,2021-04-26,0.48,0.93,0.00
NC,2021-04-27,0.45,0.92,0.00
NC,2021-04-28,0.74,1.25,0.14
NC,2021-04-29,1.06,1.58,0.43
NC,2021-04-30,1.26,1.80,0.69
NC,2021-05-01,1.24,1.74,0.65
NC,2021-05-02,1.19,1.69,0.62
NC,2021-05-03,1.22,1.71,0.65
NC,2021-05-04,1.43,1.92,0.88
NC,2021-05-05,1.64,2.12,1.12
NC,2021-05-06,1.81,2.26,1.30
NC,2021-05-07,1.64,2.07,1.15
NC,2021-05-08,1.28,1.70,0.79
NC,2021-05-09,0.91,1.34,0.42
NC,2021-05-10,0.86,1.29,0.35
NC,2021-05-11,1.01,1.45,0.50
NC,2021-05-12,1.42,1.85,0.92
NC,2021-05-13,1.84,2.26,1.38
NC,2021-05-14,1.86,2.26,1.43
NC,2021-05-15,1.57,1.94,1.13
NC,2021-05-16,1.23,1.60,0.80
NC,2021-05-17,0.96,1.33,0.52
NC,2021-05-18,0.84,1.23,0.41
NC,2021-05-19,1.02,1.40,0.57
NC,2021-05-20,1.11,1.50,0.68
NC,2021-05-21,1.33,1.70,0.89
NC,2021-05-22,1.23,1.60,0.81
NC,2021-05-23,1.02,1.39,0.60
NC,2021-05-24,0.88,1.25,0.45
NC,2021-05-25,0.79,1.17,0.36
NC,2021-05-26,0.65,1.04,0.22
NC,2021-05-27,0.82,1.22,0.38
NC,2021-05-28,1.02,1.40,0.56
NC,2021-05-29,1.15,1.53,0.70
NC,2021-05-30,1.13,1.50,0.68
NC,2021-05-31,1.06,1.44,0.63
NC,2021-06-01,0.92,1.29,0.47
NC,2021-06-02,0.76,1.14,0.31
NC,2021-06-03,0.69,1.08,0.24
NC,2021-06-04,0.58,0.97,0.13
NC,2021-06-05,0.54,0.95,0.11
NC,2021-06-06,0.48,0.86,0.03
NC,2021-06-07,0.48,0.88,0.04
NC,2021-06-08,0.68,1.12,0.19
NC,2021-06-09,0.93,1.36,0.41
NC,2021-06-10,1.06,1.51,0.58
NC,2021-06-11,1.15,1.58,0.66
NC,2021-06-12,1.01,1.44,0.53
NC,2021-06-13,0.93,1.35,0.43
NC,2021-06-14,0.93,1.38,0.46
NC,2021-06-15,1.05,1.49,0.57
NC,2021-06-16,1.13,1.57,0.66
NC,2021-06-17,1.11,1.52,0.61
NC,2021-06-18,1.04,1.47,0.57
NC,2021-06-19,0.91,1.33,0.42
NC,2021-06-20,0.81,1.23,0.31
NC,2021-06-21,0.84,1.28,0.35
NC,2021-06-22,0.90,1.33,0.39
NC,2021-06-23,0.96,1.40,0.46
NC,2021-06-24,0.99,1.42,0.48
NW,2020-05-27,0.44,3.96,0.00
NW,2020-05-28,1.32,3.32,0.00
NW,2020-05-29,1.13,2.84,0.00
NW,2020-05-30,2.11,3.56,0.40
NW,2020-05-31,2.54,3.84,1.02
NW,2020-06-01,2.77,3.90,1.52
NW,2020-06-02,2.69,3.67,1.61
NW,2020-06-03,2.46,3.31,1.46
NW,2020-06-04,2.20,3.02,1.32
NW,2020-06-05,1.94,2.73,1.12
NW,2020-06-06,1.63,2.36,0.79
NW,2020-06-07,1.45,2.17,0.62
NW,2020-06-08,1.41,2.13,0.59
NW,2020-06-09,1.49,2.21,0.69
NW,2020-06-10,1.66,2.37,0.89
NW,2020-06-11,1.88,2.55,1.13
NW,2020-06-12,1.88,2.52,1.17
NW,2020-06-13,1.77,2.38,1.08
NW,2020-06-14,1.61,2.21,0.95
NW,2020-06-15,1.54,2.11,0.87
NW,2020-06-16,1.56,2.14,0.93
NW,2020-06-17,1.66,2.22,1.04
NW,2020-06-18,1.72,2.26,1.12
NW,2020-06-19,1.69,2.21,1.11
NW,2020-06-20,1.50,1.99,0.91
NW,2020-06-21,1.31,1.83,0.77
NW,2020-06-22,1.29,1.79,0.73
NW,2020-06-23,1.37,1.85,0.80
NW,2020-06-24,1.47,1.97,0.95
NW,2020-06-25,1.48,1.95,0.95
NW,2020-06-26,1.44,1.89,0.91
NW,2020-06-27,1.32,1.77,0.81
NW,2020-06-28,1.16,1.60,0.64
NW,2020-06-29,1.14,1.58,0.62
NW,2020-06-30,1.30,1.74,0.79
NW,2020-07-01,1.55,1.98,1.06
NW,2020-07-02,1.70,2.12,1.24
NW,2020-07-03,1.64,2.04,1.19
NW,2020-07-04,1.54,1.93,1.10
NW,2020-07-05,1.32,1.69,0.87
NW,2020-07-06,1.28,1.66,0.85
NW,2020-07-07,1.47,1.83,1.03
NW,2020-07-08,1.70,2.05,1.28
NW,2020-07-09,1.76,2.11,1.38
NW,2020-07-10,1.65,1.97,1.26
NW,2020-07-11,1.22,1.54,0.84
NW,2020-07-12,0.85,1.18,0.47
NW,2020-07-13,0.57,0.92,0.20
NW,2020-07-14,0.69,1.05,0.30
NW,2020-07-15,1.03,1.38,0.63
NW,2020-07-16,1.38,1.72,0.99
NW,2020-07-17,1.30,1.63,0.92
NW,2020-07-18,1.05,1.37,0.66
NW,2020-07-19,0.66,1.00,0.28
NW,2020-07-20,0.54,0.87,0.13
NW,2020-07-21,0.67,1.02,0.25
NW,2020-07-22,0.97,1.32,0.55
NW,2020-07-23,1.13,1.48,0.72
NW,2020-07-24,1.02,1.36,0.61
NW,2020-07-25,0.62,0.97,0.21
NW,2020-07-26,0.32,0.65,0.00
NW,2020-07-27,0.24,0.60,0.00
NW,2020-07-28,0.61,1.00,0.17
NW,2020-07-29,1.10,1.49,0.64
NW,2020-07-30,1.23,1.61,0.79
NW,2020-07-31,1.05,1.43,0.62
NW,2020-08-01,0.65,1.02,0.20
NW,2020-08-02,0.31,0.67,0.00
NW,2020-08-03,0.21,0.61,0.00
NW,2020-08-04,0.41,0.79,0.01
NW,2020-08-05,0.83,1.26,0.32
NW,2020-08-06,1.04,1.47,0.54
NW,2020-08-07,0.92,1.35,0.43
NW,2020-08-08,0.62,1.04,0.14
NW,2020-08-09,0.20,0.65,0.00
NW,2020-08-10,0.17,0.61,0.00
NW,2020-08-11,0.44,0.86,0.00
NW,2020-08-12,0.90,1.39,0.34
NW,2020-08-13,1.29,1.77,0.74
NW,2020-08-14,1.27,1.73,0.73
NW,2020-08-15,0.99,1.45,0.46
NW,2020-08-16,0.63,1.07,0.10
NW,2020-08-17,0.44,0.87,0.00
NW,2020-08-18,0.42,0.88,0.00
NW,2020-08-19,0.67,1.16,0.11
NW,2020-08-20,0.87,1.39,0.29
NW,2020-08-21,0.87,1.37,0.27
NW,2020-08-22,0.61,1.09,0.06
NW,2020-08-23,0.48,0.96,0.00
NW,2020-08-24,0.46,0.96,0.00
NW,2020-08-25,0.68,1.21,0.10
NW,2020-08-26,0.91,1.45,0.26
NW,2020-08-27,1.12,1.67,0.49
NW,2020-08-28,1.15,1.68,0.52
NW,2020-08-29,0.97,1.51,0.37
NW,2020-08-30,0.86,1.39,0.25
NW,2020-08-31,0.92,1.46,0.30
NW,2020-09-01,1.07,1.60,0.43
NW,2020-09-02,1.18,1.72,0.57
NW,2020-09-03,1.25,1.77,0.64
NW,2020-09-04,1.07,1.59,0.47
NW,2020-09-05,0.90,1.41,0.29
NW,2020-09-06,0.67,1.16,0.08
NW,2020-09-07,0.71,1.21,0.09
NW,2020-09-08,0.95,1.51,0.33
NW,2020-09-09,1.20,1.75,0.58
NW,2020-09-10,1.28,1.81,0.67
NW,2020-09-11,1.16,1.69,0.57
NW,2020-09-12,0.84,1.36,0.25
NW,2020-09-13,0.64,1.12,0.05
NW,2020-09-14,0.64,1.16,0.07
NW,2020-09-15,0.84,1.40,0.22
NW,2020-09-16,1.16,1.71,0.51
NW,2020-09-17,1.33,1.87,0.71
NW,2020-09-18,1.21,1.75,0.62
NW,2020-09-19,1.00,1.52,0.39
NW,2020-09-20,0.81,1.34,0.22
NW,2020-09-21,0.79,1.32,0.18
NW,2020-09-22,0.95,1.48,0.30
NW,2020-09-23,1.02,1.58,0.41
NW,2020-09-24,0.99,1.53,0.36
NW,2020-09-25,0.90,1.45,0.29
NW,2020-09-26,0.63,1.14,0.06
NW,2020-09-27,0.52,1.03,0.00
NW,2020-09-28,0.64,1.18,0.05
NW,2020-09-29,0.96,1.53,0.28
NW,2020-09-30,1.33,1.90,0.67
NW,2020-10-01,1.41,1.97,0.79
NW,2020-10-02,1.32,1.85,0.70
NW,2020-10-03,1.10,1.63,0.49
NW,2020-10-04,0.91,1.45,0.31
NW,2020-10-05,0.83,1.36,0.21
NW,2020-10-06,0.84,1.37,0.20
NW,2020-10-07,1.00,1.57,0.38
NW,2020-10-08,1.13,1.70,0.52
NW,2020-10-09,1.10,1.64,0.47
NW,2020-10-10,0.96,1.50,0.34
NW,2020-10-11,0.84,1.37,0.21
NW,2020-10-12,0.94,1.51,0.33
NW,2020-10-13,1.09,1.63,0.44
NW,2020-10-14,1.22,1.76,0.59
NW,2020-10-15,1.29,1.84,0.70
NW,2020-10-16,1.17,1.69,0.56
NW,2020-10-17,0.98,1.49,0.36
NW,2020-10-18,0.86,1.39,0.26
NW,2020-10-19,0.94,1.48,0.33
NW,2020-10-20,1.10,1.66,0.51
NW,2020-10-21,1.20,1.72,0.58
NW,2020-10-22,1.14,1.67,0.55
NW,2020-10-23,0.84,1.36,0.25
NW,2020-10-24,0.40,0.90,0.00
NW,2020-10-25,0.19,0.74,0.00
NW,2020-10-26,0.24,0.76,0.00
NW,2020-10-27,0.56,1.11,0.03
NW,2020-10-28,0.94,1.53,0.25
NW,2020-10-29,1.24,1.83,0.55
NW,2020-10-30,1.22,1.80,0.56
NW,2020-10-31,0.97,1.53,0.31
NW,2020-11-01,0.64,1.15,0.02
NW,2020-11-02,0.42,0.98,0.00
NW,2020-11-03,0.35,0.94,0.00
NW,2020-11-04,0.41,1.00,0.00
NW,2020-11-05,0.39,0.99,0.00
NW,2020-11-06,0.45,1.07,0.00
NW,2020-11-07,0.42,1.05,0.00
NW,2020-11-08,0.46,1.11,0.00
NW,2020-11-09,0.62,1.25,0.00
NW,2020-11-10,0.89,1.54,0.12
NW,2020-11-11,1.12,1.83,0.36
NW,2020-11-12,1.20,1.88,0.43
NW,2020-11-13,1.03,1.69,0.28
NW,2020-11-14,0.82,1.46,0.12
NW,2020-11-15,0.54,1.17,0.00
NW,2020-11-16,0.42,1.10,0.00
NW,2020-11-17,0.45,1.14,0.00
NW,2020-11-18,0.56,1.25,0.00
NW,2020-11-19,0.67,1.36,0.02
NW,2020-11-20,0.61,1.30,0.00
NW,2020-11-21,0.49,1.21,0.00
NW,2020-11-22,0.42,1.16,0.00
NW,2020-11-23,0.43,1.18,0.00
NW,2020-11-24,0.56,1.32,0.00
NW,2020-11-25,0.71,1.44,0.00
NW,2020-11-26,0.80,1.52,0.02
NW,2020-11-27,0.78,1.53,0.05
NW,2020-11-28,0.62,1.38,0.00
NW,2020-11-29,0.53,1.32,0.00
NW,2020-11-30,0.62,1.41,0.00
NW,2020-12-01,0.82,1.58,0.03
NW,2020-12-02,1.12,1.91,0.21
NW,2020-12-03,1.29,2.08,0.36
NW,2020-12-04,1.25,2.04,0.37
NW,2020-12-05,1.08,1.82,0.21
NW,2020-12-06,1.06,1.78,0.18
NW,2020-12-07,1.18,1.92,0.29
NW,2020-12-08,1.55,2.30,0.69
NW,2020-12-09,1.95,2.69,1.18
NW,2020-12-10,2.16,2.82,1.41
NW,2020-12-11,1.98,2.60,1.28
NW,2020-12-12,1.76,2.34,1.07
NW,2020-12-13,1.57,2.15,0.91
NW,2020-12-14,1.47,2.04,0.82
NW,2020-12-15,1.43,1.98,0.77
NW,2020-12-16,1.54,2.11,0.93
NW,2020-12-17,1.54,2.09,0.94
NW,2020-12-18,1.50,2.01,0.88
NW,2020-12-19,1.47,2.00,0.90
NW,2020-12-20,1.65,2.16,1.09
NW,2020-12-21,1.94,2.40,1.37
NW,2020-12-22,2.11,2.58,1.62
NW,2020-12-23,1.89,2.33,1.42
NW,2020-12-24,1.54,1.95,1.06
NW,2020-12-25,1.04,1.45,0.55
NW,2020-12-26,0.62,1.03,0.13
NW,2020-12-27,0.66,1.09,0.15
NW,2020-12-28,1.28,1.72,0.76
NW,2020-12-29,1.99,2.42,1.52
NW,2020-12-30,2.22,2.60,1.77
NW,2020-12-31,1.94,2.30,1.52
NW,2021-01-01,1.41,1.78,1.02
NW,2021-01-02,0.97,1.34,0.57
NW,2021-01-03,0.95,1.31,0.52
NW,2021-01-04,1.45,1.80,1.02
NW,2021-01-05,1.94,2.29,1.56
NW,2021-01-06,2.15,2.47,1.79
NW,2021-01-07,1.84,2.13,1.48
NW,2021-01-08,1.37,1.66,1.02
NW,2021-01-09,0.87,1.17,0.52
NW,2021-01-10,0.66,0.97,0.30
NW,2021-01-11,0.71,1.03,0.35
NW,2021-01-12,1.06,1.37,0.69
NW,2021-01-13,1.21,1.51,0.84
NW,2021-01-14,1.17,1.47,0.81
NW,2021-01-15,0.78,1.08,0.41
NW,2021-01-16,0.32,0.60,0.00
NW,2021-01-17,0.00,0.37,0.00
NW,2021-01-18,0.13,0.47,0.00
NW,2021-01-19,0.51,0.87,0.13
NW,2021-01-20,1.19,1.56,0.77
NW,2021-01-21,1.47,1.81,1.05
NW,2021-01-22,1.27,1.60,0.86
NW,2021-01-23,0.84,1.19,0.45
NW,2021-01-24,0.35,0.67,0.01
NW,2021-01-25,0.20,0.56,0.00
NW,2021-01-26,0.46,0.82,0.06
NW,2021-01-27,0.73,1.12,0.27
NW,2021-01-28,0.98,1.37,0.52
NW,2021-01-29,0.85,1.25,0.41
NW,2021-01-30,0.45,0.82,0.04
NW,2021-01-31,0.15,0.57,0.00
NW,2021-02-01,0.07,0.50,0.00
NW,2021-02-02,0.21,0.61,0.00
NW,2021-02-03,0.48,0.91,0.05
NW,2021-02-04,0.61,1.07,0.11
NW,2021-02-05,0.64,1.10,0.11
NW,2021-02-06,0.46,0.89,0.00
NW,2021-02-07,0.39,0.85,0.00
NW,2021-02-08,0.40,0.87,0.00
NW,2021-02-09,0.62,1.13,0.09
NW,2021-02-10,0.87,1.39,0.26
NW,2021-02-11,0.95,1.46,0.33
NW,2021-02-12,0.85,1.38,0.27
NW,2021-02-13,0.69,1.19,0.11
NW,2021-02-14,0.52,1.00,0.00
NW,2021-02-15,0.68,1.20,0.09
NW,2021-02-16,0.85,1.39,0.21
NW,2021-02-17,1.01,1.56,0.37
NW,2021-02-18,1.06,1.60,0.42
NW,2021-02-19,0.91,1.45,0.29
NW,2021-02-20,0.60,1.10,0.04
NW,2021-02-21,0.39,0.93,0.00
NW,2021-02-22,0.34,0.89,0.00
NW,2021-02-23,0.51,1.06,0.00
NW,2021-02-24,0.77,1.37,0.14
NW,2021-02-25,0.95,1.54,0.25
NW,2021-02-26,0.98,1.59,0.31
NW,2021-02-27,0.87,1.45,0.19
NW,2021-02-28,0.74,1.30,0.08
NW,2021-03-01,0.76,1.35,0.12
NW,2021-03-02,0.77,1.34,0.09
NW,2021-03-03,0.85,1.44,0.15
NW,2021-03-04,0.91,1.51,0.20
NW,2021-03-05,0.85,1.46,0.17
NW,2021-03-06,0.81,1.41,0.13
NW,2021-03-07,0.83,1.46,0.17
NW,2021-03-08,0.97,1.59,0.25
NW,2021-03-09,1.12,1.75,0.40
NW,2021-03-10,1.22,1.84,0.51
NW,2021-03-11,1.26,1.87,0.57
NW,2021-03-12,1.11,1.72,0.44
NW,2021-03-13,0.88,1.46,0.20
NW,2021-03-14,0.77,1.33,0.09
NW,2021-03-15,0.82,1.42,0.15
NW,2021-03-16,1.08,1.69,0.35
NW,2021-03-17,1.33,1.95,0.64
NW,2021-03-18,1.41,2.00,0.73
NW,2021-03-19,1.31,1.89,0.65
NW,2021-03-20,1.05,1.62,0.39
NW,2021-03-21,0.77,1.32,0.13
NW,2021-03-22,0.66,1.21,0.05
NW,2021-03-23,0.77,1.36,0.13
NW,2021-03-24,0.97,1.59,0.29
NW,2021-03-25,1.15,1.75,0.44
NW,2021-03-26,1.12,1.74,0.46
NW,2021-03-27,1.04,1.63,0.36
NW,2021-03-28,0.96,1.56,0.30
NW,2021-03-29,1.01,1.62,0.35
NW,2021-03-30,1.18,1.78,0.51
NW,2021-03-31,1.20,1.79,0.54
NW,2021-04-01,1.05,1.63,0.39
NW,2021-04-02,0.77,1.33,0.14
NW,2021-04-03,0.33,0.92,0.00
NW,2021-04-04,0.18,0.77,0.00
NW,2021-04-05,0.27,0.84,0.00
NW,2021-04-06,0.68,1.32,0.07
NW,2021-04-07,1.40,2.06,0.62
NW,2021-04-08,1.75,2.41,1.07
NW,2021-04-09,1.66,2.24,0.97
NW,2021-04-10,1.41,1.98,0.75
NW,2021-04-11,1.26,1.84,0.63
NW,2021-04-12,1.29,1.85,0.64
NW,2021-04-13,1.43,1.98,0.79
NW,2021-04-14,1.61,2.16,1.01
NW,2021-04-15,1.60,2.12,1.01
NW,2021-04-16,1.32,1.83,0.74
NW,2021-04-17,0.95,1.48,0.39
NW,2021-04-18,0.68,1.18,0.11
NW,2021-04-19,0.72,1.24,0.13
NW,2021-04-20,0.92,1.46,0.29
NW,2021-04-21,1.23,1.80,0.64
NW,2021-04-22,1.34,1.87,0.74
NW,2021-04-23,1.25,1.78,0.68
NW,2021-04-24,1.00,1.51,0.41
NW,2021-04-25,0.73,1.25,0.17
NW,2021-04-26,0.60,1.10,0.06
NW,2021-04-27,0.69,1.22,0.11
NW,2021-04-28,0.90,1.45,0.27
NW,2021-04-29,1.11,1.67,0.49
NW,2021-04-30,1.18,1.71,0.55
NW,2021-05-01,1.08,1.62,0.48
NW,2021-05-02,1.03,1.56,0.42
NW,2021-05-03,1.10,1.63,0.49
NW,2021-05-04,1.26,1.80,0.68
NW,2021-05-05,1.53,2.04,0.95
NW,2021-05-06,1.62,2.11,1.06
NW,2021-05-07,1.49,1.96,0.94
NW,2021-05-08,1.26,1.75,0.75
NW,2021-05-09,1.10,1.56,0.55
NW,2021-05-10,1.06,1.54,0.53
NW,2021-05-11,1.29,1.78,0.78
NW,2021-05-12,1.49,1.94,0.96
NW,2021-05-13,1.65,2.09,1.15
NW,2021-05-14,1.49,1.92,1.01
NW,2021-05-15,1.18,1.62,0.72
NW,2021-05-16,0.94,1.38,0.47
NW,2021-05-17,0.88,1.31,0.38
NW,2021-05-18,0.98,1.41,0.47
NW,2021-05-19,1.25,1.67,0.74
NW,2021-05-20,1.41,1.83,0.93
NW,2021-05-21,1.38,1.78,0.90
NW,2021-05-22,1.23,1.63,0.76
NW,2021-05-23,1.14,1.55,0.69
NW,2021-05-24,1.19,1.59,0.73
NW,2021-05-25,1.29,1.68,0.83
NW,2021-05-26,1.38,1.77,0.94
NW,2021-05-27,1.28,1.65,0.83
NW,2021-05-28,1.03,1.42,0.61
NW,2021-05-29,0.72,1.10,0.27
NW,2021-05-30,0.65,1.03,0.18
NW,2021-05-31,0.83,1.23,0.36
NW,2021-06-01,1.26,1.67,0.82
NW,2021-06-02,1.50,1.89,1.07
NW,2021-06-03,1.59,1.96,1.17
NW,2021-06-04,1.28,1.63,0.85
NW,2021-06-05,0.88,1.25,0.47
NW,2021-06-06,0.69,1.06,0.26
NW,2021-06-07,0.83,1.22,0.40
NW,2021-06-08,1.11,1.48,0.66
NW,2021-06-09,1.42,1.79,1.00
NW,2021-06-10,1.47,1.82,1.05
NW,2021-06-11,1.26,1.62,0.87
NW,2021-06-12,1.01,1.35,0.59
NW,2021-06-13,0.99,1.35,0.59
NW,2021-06-14,1.22,1.56,0.80
NW,2021-06-15,1.44,1.78,1.04
NW,2021-06-16,1.62,1.94,1.23
NW,2021-06-17,1.57,1.88,1.19
NW,2021-06-18,1.32,1.64,0.97
NW,2021-06-19,1.07,1.40,0.73
NW,2021-06-20,1.00,1.31,0.63
NW,2021-06-21,1.24,1.56,0.89
NW,2021-06-22,1.43,1.72,1.06
NW,2021-06-23,1.49,1.78,1.14
NW,2021-06-24,1.55,1.83,1.21
WC,2020-03-20,2.17,4.55,0.00
WC,2020-03-21,1.82,3.52,0.04
WC,2020-03-22,2.19,3.66,0.39
WC,2020-03-23,2.37,3.68,0.81
WC,2020-03-24,2.45,3.59,1.12
WC,2020-03-25,2.47,3.47,1.31
WC,2020-03-26,2.35,3.28,1.35
WC,2020-03-27,1.98,2.81,1.01
WC,2020-03-28,1.42,2.22,0.48
WC,2020-03-29,0.80,1.51,0.00
WC,2020-03-30,0.51,1.36,0.00
WC,2020-03-31,0.44,1.33,0.00
WC,2020-04-01,0.62,1.52,0.00
WC,2020-04-02,0.84,1.70,0.01
WC,2020-04-03,1.10,1.96,0.12
WC,2020-04-04,1.23,2.13,0.25
WC,2020-04-05,1.18,2.02,0.18
WC,2020-04-06,0.99,1.78,0.06
WC,2020-04-07,0.86,1.65,0.01
WC,2020-04-08,0.54,1.44,0.00
WC,2020-04-09,0.76,1.62,0.00
WC,2020-04-10,0.91,1.73,0.01
WC,2020-04-11,1.02,1.88,0.10
WC,2020-04-12,1.06,1.91,0.12
WC,2020-04-13,1.04,1.86,0.09
WC,2020-04-14,1.02,1.83,0.08
WC,2020-04-15,1.36,2.23,0.36
WC,2020-04-16,1.55,2.39,0.55
WC,2020-04-17,1.82,2.65,0.91
WC,2020-04-18,1.96,2.74,1.11
WC,2020-04-19,1.88,2.61,1.07
WC,2020-04-20,2.00,2.70,1.24
WC,2020-04-21,2.03,2.70,1.32
WC,2020-04-22,2.00,2.64,1.33
WC,2020-04-23,1.94,2.52,1.26
WC,2020-04-24,1.74,2.31,1.10
WC,2020-04-25,1.50,2.06,0.87
WC,2020-04-26,1.50,2.04,0.86
WC,2020-04-27,1.52,2.08,0.93
WC,2020-04-28,1.65,2.19,1.07
WC,2020-04-29,1.70,2.20,1.11
WC,2020-04-30,1.74,2.22,1.17
WC,2020-05-01,1.71,2.17,1.16
WC,2020-05-02,1.67,2.12,1.14
WC,2020-05-03,1.46,1.90,0.94
WC,2020-05-04,1.31,1.75,0.80
WC,2020-05-05,1.31,1.75,0.81
WC,2020-05-06,1.30,1.73,0.80
WC,2020-05-07,1.36,1.78,0.86
WC,2020-05-08,1.54,1.96,1.07
WC,2020-05-09,1.64,2.05,1.19
WC,2020-05-10,1.74,2.12,1.29
WC,2020-05-11,1.68,2.04,1.24
WC,2020-05-12,1.58,1.95,1.18
WC,2020-05-13,1.57,1.91,1.15
WC,2020-05-14,1.60,1.95,1.22
WC,2020-05-15,1.56,1.90,1.19
WC,2020-05-16,1.49,1.83,1.14
WC,2020-05-17,1.35,1.67,0.99
WC,2020-05-18,1.29,1.59,0.91
WC,2020-05-19,1.17,1.48,0.81
WC,2020-05-20,1.20,1.50,0.83
WC,2020-05-21,1.24,1.54,0.88
WC,2020-05-22,1.25,1.54,0.89
WC,2020-05-23,1.07,1.36,0.71
WC,2020-05-24,1.02,1.31,0.66
WC,2020-05-25,0.90,1.21,0.56
WC,2020-05-26,1.12,1.42,0.77
WC,2020-05-27,1.39,1.68,1.04
WC,2020-05-28,1.62,1.90,1.29
WC,2020-05-29,1.68,1.94,1.35
WC,2020-05-30,1.53,1.79,1.22
WC,2020-05-31,1.21,1.48,0.92
WC,2020-06-01,1.41,1.68,1.13
WC,2020-06-02,1.50,1.74,1.20
WC,2020-06-03,1.60,1.84,1.32
WC,2020-06-04,1.56,1.79,1.29
WC,2020-06-05,1.40,1.63,1.14
WC,2020-06-06,1.09,1.32,0.83
WC,2020-06-07,0.82,1.04,0.54
WC,2020-06-08,0.57,0.81,0.30
WC,2020-06-09,0.68,0.92,0.40
WC,2020-06-10,0.87,1.10,0.57
WC,2020-06-11,1.14,1.38,0.86
WC,2020-06-12,1.25,1.49,0.98
WC,2020-06-13,1.26,1.49,0.99
WC,2020-06-14,1.07,1.30,0.80
WC,2020-06-15,0.74,0.96,0.45
WC,2020-06-16,0.51,0.76,0.24
WC,2020-06-17,0.49,0.73,0.19
WC,2020-06-18,0.59,0.84,0.28
WC,2020-06-19,0.84,1.09,0.53
WC,2020-06-20,0.96,1.21,0.65
WC,2020-06-21,1.07,1.33,0.78
WC,2020-06-22,1.18,1.42,0.87
WC,2020-06-23,1.16,1.40,0.86
WC,2020-06-24,1.17,1.41,0.87
WC,2020-06-25,1.12,1.36,0.83
WC,2020-06-26,0.92,1.18,0.65
WC,2020-06-27,0.76,1.02,0.48
WC,2020-06-28,0.79,1.05,0.50
WC,2020-06-29,0.99,1.25,0.70
WC,2020-06-30,1.19,1.46,0.92
WC,2020-07-01,1.26,1.52,0.99
WC,2020-07-02,1.15,1.39,0.86
WC,2020-07-03,1.04,1.28,0.75
WC,2020-07-04,0.90,1.14,0.61
WC,2020-07-05,0.75,1.00,0.46
WC,2020-07-06,0.93,1.17,0.62
WC,2020-07-07,1.02,1.27,0.73
WC,2020-07-08,1.00,1.25,0.71
WC,2020-07-09,0.99,1.24,0.70
WC,2020-07-10,0.84,1.08,0.53
WC,2020-07-11,0.70,0.95,0.39
WC,2020-07-12,0.70,0.96,0.39
WC,2020-07-13,0.78,1.04,0.46
WC,2020-07-14,1.04,1.32,0.75
WC,2020-07-15,1.21,1.48,0.92
WC,2020-07-16,1.07,1.32,0.76
WC,2020-07-17,0.55,0.81,0.24
WC,2020-07-18,0.05,0.37,0.00
WC,2020-07-19,0.00,0.33,0.00
WC,2020-07-20,0.25,0.52,0.00
WC,2020-07-21,1.04,1.35,0.67
WC,2020-07-22,1.70,2.00,1.36
WC,2020-07-23,1.88,2.17,1.57
WC,2020-07-24,1.51,1.78,1.20
WC,2020-07-25,0.82,1.10,0.51
WC,2020-07-26,0.31,0.57,0.02
WC,2020-07-27,0.20,0.48,0.00
WC,2020-07-28,0.31,0.59,0.01
WC,2020-07-29,0.71,1.03,0.34
WC,2020-07-30,1.02,1.33,0.64
WC,2020-07-31,1.07,1.38,0.70
WC,2020-08-01,0.77,1.08,0.40
WC,2020-08-02,0.45,0.76,0.08
WC,2020-08-03,0.29,0.60,0.00
WC,2020-08-04,0.34,0.65,0.00
WC,2020-08-05,0.62,0.97,0.20
WC,2020-08-06,0.90,1.26,0.48
WC,2020-08-07,0.92,1.29,0.52
WC,2020-08-08,0.61,0.98,0.21
WC,2020-08-09,0.09,0.50,0.00
WC,2020-08-10,0.09,0.48,0.00
WC,2020-08-11,0.39,0.73,0.00
WC,2020-08-12,0.83,1.25,0.35
WC,2020-08-13,1.43,1.83,0.95
WC,2020-08-14,1.50,1.88,1.04
WC,2020-08-15,1.20,1.58,0.76
WC,2020-08-16,0.87,1.25,0.42
WC,2020-08-17,0.60,0.98,0.14
WC,2020-08-18,0.58,0.98,0.13
WC,2020-08-19,0.87,1.28,0.38
WC,2020-08-20,1.03,1.43,0.54
WC,2020-08-21,0.97,1.37,0.49
WC,2020-08-22,0.67,1.08,0.20
WC,2020-08-23,0.23,0.65,0.00
WC,2020-08-24,0.15,0.58,0.00
WC,2020-08-25,0.29,0.69,0.00
WC,2020-08-26,0.50,0.94,0.05
WC,2020-08-27,0.81,1.28,0.25
WC,2020-08-28,0.97,1.45,0.42
WC,2020-08-29,0.81,1.29,0.27
WC,2020-08-30,0.67,1.14,0.14
WC,2020-08-31,0.62,1.08,0.08
WC,2020-09-01,0.78,1.29,0.23
WC,2020-09-02,1.03,1.53,0.45
WC,2020-09-03,1.15,1.64,0.58
WC,2020-09-04,1.09,1.59,0.55
WC,2020-09-05,0.87,1.36,0.32
WC,2020-09-06,0.70,1.19,0.16
WC,2020-09-07,0.74,1.24,0.18
WC,2020-09-08,0.96,1.46,0.36
WC,2020-09-09,1.23,1.73,0.65
WC,2020-09-10,1.30,1.78,0.73
WC,2020-09-11,1.16,1.65,0.62
WC,2020-09-12,0.80,1.28,0.25
WC,2020-09-13,0.47,0.91,0.00
WC,2020-09-14,0.45,0.92,0.00
WC,2020-09-15,0.67,1.19,0.12
WC,2020-09-16,1.01,1.53,0.38
WC,2020-09-17,1.25,1.76,0.64
WC,2020-09-18,1.15,1.66,0.57
WC,2020-09-19,0.89,1.41,0.33
WC,2020-09-20,0.60,1.08,0.06
WC,2020-09-21,0.63,1.12,0.06
WC,2020-09-22,0.87,1.41,0.26
WC,2020-09-23,1.05,1.58,0.42
WC,2020-09-24,1.13,1.66,0.52
WC,2020-09-25,1.00,1.55,0.43
WC,2020-09-26,0.64,1.13,0.07
WC,2020-09-27,0.42,0.92,0.00
WC,2020-09-28,0.43,0.95,0.00
WC,2020-09-29,0.79,1.36,0.17
WC,2020-09-30,1.26,1.82,0.59
WC,2020-10-01,1.49,2.04,0.87
WC,2020-10-02,1.47,2.02,0.90
WC,2020-10-03,1.26,1.78,0.68
WC,2020-10-04,1.04,1.56,0.46
WC,2020-10-05,0.96,1.48,0.37
WC,2020-10-06,1.09,1.61,0.49
WC,2020-10-07,1.52,2.05,0.96
WC,2020-10-08,1.81,2.30,1.26
WC,2020-10-09,1.80,2.26,1.27
WC,2020-10-10,1.43,1.89,0.93
WC,2020-10-11,1.09,1.55,0.59
WC,2020-10-12,0.81,1.26,0.28
WC,2020-10-13,0.83,1.31,0.31
WC,2020-10-14,0.95,1.41,0.39
WC,2020-10-15,1.19,1.68,0.68
WC,2020-10-16,1.23,1.70,0.72
WC,2020-10-17,1.03,1.48,0.50
WC,2020-10-18,0.79,1.25,0.27
WC,2020-10-19,0.85,1.31,0.30
WC,2020-10-20,0.98,1.46,0.45
WC,2020-10-21,1.32,1.80,0.81
WC,2020-10-22,1.46,1.91,0.95
WC,2020-10-23,1.34,1.77,0.83
WC,2020-10-24,0.98,1.41,0.47
WC,2020-10-25,0.62,1.06,0.14
WC,2020-10-26,0.45,0.86,0.00
WC,2020-10-27,0.58,1.02,0.06
WC,2020-10-28,0.84,1.31,0.27
WC,2020-10-29,1.16,1.64,0.61
WC,2020-10-30,1.19,1.66,0.66
WC,2020-10-31,0.93,1.41,0.42
WC,2020-11-01,0.69,1.13,0.14
WC,2020-11-02,0.67,1.14,0.14
WC,2020-11-03,0.95,1.45,0.40
WC,2020-11-04,1.44,1.93,0.91
WC,2020-11-05,1.64,2.12,1.15
WC,2020-11-06,1.58,2.01,1.07
WC,2020-11-07,1.23,1.66,0.74
WC,2020-11-08,0.99,1.42,0.49
WC,2020-11-09,1.02,1.46,0.52
WC,2020-11-10,1.38,1.81,0.88
WC,2020-11-11,1.67,2.09,1.20
WC,2020-11-12,1.87,2.25,1.40
WC,2020-11-13,1.67,2.05,1.24
WC,2020-11-14,1.29,1.66,0.86
WC,2020-11-15,0.95,1.33,0.52
WC,2020-11-16,1.02,1.40,0.58
WC,2020-11-17,1.23,1.61,0.80
WC,2020-11-18,1.61,1.97,1.18
WC,2020-11-19,1.72,2.07,1.32
WC,2020-11-20,1.61,1.95,1.23
WC,2020-11-21,1.41,1.73,1.02
WC,2020-11-22,1.34,1.67,0.97
WC,2020-11-23,1.43,1.74,1.05
WC,2020-11-24,1.67,1.99,1.33
WC,2020-11-25,1.77,2.07,1.44
WC,2020-11-26,1.68,1.95,1.34
WC,2020-11-27,1.39,1.65,1.05
WC,2020-11-28,0.93,1.21,0.61
WC,2020-11-29,0.78,1.06,0.44
WC,2020-11-30,0.93,1.22,0.60
WC,2020-12-01,1.36,1.63,1.02
WC,2020-12-02,1.80,2.06,1.48
WC,2020-12-03,1.88,2.12,1.57
WC,2020-12-04,1.63,1.86,1.33
WC,2020-12-05,1.27,1.50,0.98
WC,2020-12-06,1.02,1.26,0.74
WC,2020-12-07,1.25,1.49,0.97
WC,2020-12-08,1.64,1.86,1.36
WC,2020-12-09,1.93,2.14,1.67
WC,2020-12-10,1.98,2.18,1.74
WC,2020-12-11,1.62,1.80,1.37
WC,2020-12-12,1.35,1.53,1.11
WC,2020-12-13,1.16,1.34,0.92
WC,2020-12-14,1.12,1.31,0.90
WC,2020-12-15,1.29,1.47,1.06
WC,2020-12-16,1.42,1.60,1.20
WC,2020-12-17,1.31,1.49,1.10
WC,2020-12-18,1.20,1.38,1.00
WC,2020-12-19,0.97,1.14,0.75
WC,2020-12-20,0.99,1.16,0.77
WC,2020-12-21,1.14,1.32,0.94
WC,2020-12-22,1.26,1.43,1.05
WC,2020-12-23,1.23,1.40,1.03
WC,2020-12-24,1.13,1.29,0.92
WC,2020-12-25,0.82,0.99,0.62
WC,2020-12-26,0.53,0.71,0.33
WC,2020-12-27,0.58,0.76,0.36
WC,2020-12-28,0.96,1.13,0.73
WC,2020-12-29,1.28,1.46,1.07
WC,2020-12-30,1.45,1.62,1.24
WC,2020-12-31,1.31,1.47,1.10
WC,2021-01-01,1.07,1.23,0.86
WC,2021-01-02,0.75,0.92,0.55
WC,2021-01-03,0.67,0.84,0.46
WC,2021-01-04,0.80,0.98,0.59
WC,2021-01-05,1.11,1.27,0.88
WC,2021-01-06,1.25,1.42,1.04
WC,2021-01-07,1.23,1.40,1.03
WC,2021-01-08,0.99,1.16,0.79
WC,2021-01-09,0.79,0.96,0.58
WC,2021-01-10,0.56,0.73,0.34
WC,2021-01-11,0.58,0.76,0.36
WC,2021-01-12,0.65,0.83,0.42
WC,2021-01-13,0.75,0.95,0.54
WC,2021-01-14,0.72,0.91,0.49
WC,2021-01-15,0.51,0.71,0.28
WC,2021-01-16,0.17,0.37,0.00
WC,2021-01-17,0.00,0.28,0.00
WC,2021-01-18,0.00,0.29,0.00
WC,2021-01-19,0.29,0.51,0.03
WC,2021-01-20,0.66,0.91,0.36
WC,2021-01-21,0.85,1.09,0.54
WC,2021-01-22,0.69,0.96,0.41
WC,2021-01-23,0.24,0.48,0.00
WC,2021-01-24,0.00,0.31,0.00
WC,2021-01-25,0.00,0.32,0.00
WC,2021-01-26,0.21,0.49,0.00
WC,2021-01-27,0.66,0.98,0.29
WC,2021-01-28,0.97,1.31,0.62
WC,2021-01-29,0.86,1.18,0.49
WC,2021-01-30,0.44,0.74,0.06
WC,2021-01-31,0.07,0.45,0.00
WC,2021-02-01,0.15,0.49,0.00
WC,2021-02-02,0.43,0.78,0.06
WC,2021-02-03,0.77,1.14,0.32
WC,2021-02-04,1.02,1.40,0.59
WC,2021-02-05,0.90,1.26,0.45
WC,2021-02-06,0.57,0.95,0.15
WC,2021-02-07,0.31,0.67,0.00
WC,2021-02-08,0.34,0.71,0.00
WC,2021-02-09,0.61,1.01,0.13
WC,2021-02-10,0.95,1.37,0.46
WC,2021-02-11,1.11,1.52,0.63
WC,2021-02-12,1.02,1.43,0.55
WC,2021-02-13,0.68,1.09,0.21
WC,2021-02-14,0.41,0.79,0.00
WC,2021-02-15,0.44,0.85,0.03
WC,2021-02-16,0.66,1.09,0.14
WC,2021-02-17,1.00,1.45,0.47
WC,2021-02-18,1.18,1.63,0.68
WC,2021-02-19,1.10,1.52,0.58
WC,2021-02-20,0.79,1.22,0.28
WC,2021-02-21,0.50,0.91,0.03
WC,2021-02-22,0.46,0.87,0.00
WC,2021-02-23,0.64,1.11,0.13
WC,2021-02-24,0.95,1.44,0.41
WC,2021-02-25,1.12,1.61,0.60
WC,2021-02-26,1.07,1.53,0.53
WC,2021-02-27,0.80,1.26,0.26
WC,2021-02-28,0.53,0.95,0.02
WC,2021-03-01,0.47,0.91,0.00
WC,2021-03-02,0.65,1.13,0.10
WC,2021-03-03,0.93,1.45,0.36
WC,2021-03-04,1.12,1.62,0.54
WC,2021-03-05,1.12,1.60,0.54
WC,2021-03-06,0.88,1.37,0.32
WC,2021-03-07,0.63,1.12,0.11
WC,2021-03-08,0.62,1.09,0.06
WC,2021-03-09,0.74,1.25,0.16
WC,2021-03-10,1.08,1.62,0.50
WC,2021-03-11,1.25,1.78,0.69
WC,2021-03-12,1.17,1.67,0.60
WC,2021-03-13,0.95,1.45,0.38
WC,2021-03-14,0.75,1.25,0.19
WC,2021-03-15,0.73,1.23,0.15
WC,2021-03-16,0.99,1.51,0.39
WC,2021-03-17,1.25,1.76,0.66
WC,2021-03-18,1.37,1.87,0.80
WC,2021-03-19,1.25,1.73,0.68
WC,2021-03-20,0.87,1.36,0.32
WC,2021-03-21,0.53,0.96,0.00
WC,2021-03-22,0.51,0.99,0.02
WC,2021-03-23,0.77,1.30,0.19
WC,2021-03-24,1.28,1.81,0.68
WC,2021-03-25,1.54,2.04,0.96
WC,2021-03-26,1.43,1.92,0.88
WC,2021-03-27,1.09,1.57,0.54
WC,2021-03-28,0.77,1.25,0.22
WC,2021-03-29,0.58,1.05,0.06
WC,2021-03-30,0.71,1.22,0.15
WC,2021-03-31,0.84,1.36,0.25
WC,2021-04-01,0.93,1.45,0.33
WC,2021-04-02,0.78,1.30,0.20
WC,2021-04-03,0.46,0.94,0.00
WC,2021-04-04,0.18,0.72,0.00
WC,2021-04-05,0.31,0.83,0.00
WC,2021-04-06,0.64,1.21,0.09
WC,2021-04-07,1.15,1.73,0.47
WC,2021-04-08,1.44,2.00,0.79
WC,2021-04-09,1.31,1.86,0.70
WC,2021-04-10,1.06,1.60,0.45
WC,2021-04-11,0.86,1.39,0.24
WC,2021-04-12,0.73,1.27,0.14
WC,2021-04-13,0.97,1.52,0.32
WC,2021-04-14,1.25,1.81,0.62
WC,2021-04-15,1.41,1.95,0.80
WC,2021-04-16,1.30,1.84,0.72
WC,2021-04-17,1.03,1.54,0.42
WC,2021-04-18,0.75,1.26,0.16
WC,2021-04-19,0.64,1.13,0.05
WC,2021-04-20,0.72,1.27,0.14
WC,2021-04-21,0.96,1.52,0.32
WC,2021-04-22,1.12,1.68,0.49
WC,2021-04-23,1.09,1.65,0.48
WC,2021-04-24,0.90,1.44,0.28
WC,2021-04-25,0.72,1.24,0.11
WC,2021-04-26,0.61,1.13,0.04
WC,2021-04-27,0.76,1.31,0.13
WC,2021-04-28,1.04,1.61,0.37
WC,2021-04-29,1.27,1.85,0.64
WC,2021-04-30,1.28,1.83,0.65
WC,2021-05-01,1.10,1.65,0.49
WC,2021-05-02,1.01,1.57,0.41
WC,2021-05-03,1.09,1.63,0.46
WC,2021-05-04,1.25,1.82,0.67
WC,2021-05-05,1.58,2.10,0.98
WC,2021-05-06,1.66,2.17,1.10
WC,2021-05-07,1.52,2.00,0.96
WC,2021-05-08,1.20,1.67,0.64
WC,2021-05-09,0.92,1.40,0.36
WC,2021-05-10,0.98,1.47,0.41
WC,2021-05-11,1.26,1.75,0.70
WC,2021-05-12,1.51,1.98,0.96
WC,2021-05-13,1.64,2.09,1.11
WC,2021-05-14,1.39,1.84,0.89
WC,2021-05-15,0.98,1.45,0.50
WC,2021-05-16,0.71,1.17,0.21
WC,2021-05-17,0.71,1.17,0.18
WC,2021-05-18,0.95,1.42,0.40
WC,2021-05-19,1.31,1.77,0.77
WC,2021-05-20,1.44,1.92,0.96
WC,2021-05-21,1.29,1.74,0.80
WC,2021-05-22,1.05,1.49,0.55
WC,2021-05-23,0.92,1.36,0.41
WC,2021-05-24,1.04,1.48,0.52
WC,2021-05-25,1.35,1.79,0.85
WC,2021-05-26,1.57,1.99,1.08
WC,2021-05-27,1.52,1.92,1.04
WC,2021-05-28,1.30,1.71,0.85
WC,2021-05-29,0.97,1.37,0.50
WC,2021-05-30,0.82,1.24,0.36
WC,2021-05-31,0.97,1.38,0.48
WC,2021-06-01,1.30,1.71,0.83
WC,2021-06-02,1.57,1.96,1.11
WC,2021-06-03,1.65,2.02,1.20
WC,2021-06-04,1.39,1.77,0.98
WC,2021-06-05,1.09,1.47,0.68
WC,2021-06-06,1.02,1.40,0.60
WC,2021-06-07,1.35,1.73,0.94
WC,2021-06-08,1.72,2.07,1.31
WC,2021-06-09,2.06,2.40,1.69
WC,2021-06-10,1.95,2.27,1.60
WC,2021-06-11,1.58,1.88,1.23
WC,2021-06-12,1.15,1.45,0.80
WC,2021-06-13,1.04,1.34,0.68
WC,2021-06-14,1.21,1.51,0.86
WC,2021-06-15,1.45,1.73,1.09
WC,2021-06-16,1.74,2.01,1.40
WC,2021-06-17,1.75,2.02,1.44
WC,2021-06-18,1.44,1.69,1.12
WC,2021-06-19,1.07,1.33,0.76
WC,2021-06-20,0.95,1.22,0.65
WC,2021-06-21,1.19,1.45,0.88
WC,2021-06-22,1.44,1.70,1.15
WC,2021-06-23,1.53,1.76,1.22
WC,2021-06-24,1.67,1.90,1.38
Total RSA,2020-03-19,2.11,0.00,0.00
Total RSA,2020-03-20,2.50,0.00,0.00
Total RSA,2020-03-21,2.75,0.00,0.00
Total RSA,2020-03-22,2.87,0.00,0.00
Total RSA,2020-03-23,2.97,0.00,0.00
Total RSA,2020-03-24,2.93,0.00,0.00
Total RSA,2020-03-25,2.44,0.00,0.00
Total RSA,2020-03-26,1.96,0.00,0.00
Total RSA,2020-03-27,1.34,0.00,0.00
Total RSA,2020-03-28,0.74,0.00,0.00
Total RSA,2020-03-29,0.23,0.00,0.00
Total RSA,2020-03-30,0.07,0.00,0.00
Total RSA,2020-03-31,0.11,0.00,0.00
Total RSA,2020-04-01,0.31,0.00,0.00
Total RSA,2020-04-02,0.45,0.00,0.00
Total RSA,2020-04-03,0.64,0.00,0.00
Total RSA,2020-04-04,0.80,0.00,0.00
Total RSA,2020-04-05,0.93,0.00,0.00
Total RSA,2020-04-06,0.97,0.00,0.00
Total RSA,2020-04-07,1.11,0.00,0.00
Total RSA,2020-04-08,1.11,0.00,0.00
Total RSA,2020-04-09,1.21,0.00,0.00
Total RSA,2020-04-10,1.27,0.00,0.00
Total RSA,2020-04-11,1.39,0.00,0.00
Total RSA,2020-04-12,1.43,0.00,0.00
Total RSA,2020-04-13,1.47,0.00,0.00
Total RSA,2020-04-14,1.53,0.00,0.00
Total RSA,2020-04-15,1.69,0.00,0.00
Total RSA,2020-04-16,1.62,0.00,0.00
Total RSA,2020-04-17,1.62,0.00,0.00
Total RSA,2020-04-18,1.52,0.00,0.00
Total RSA,2020-04-19,1.41,0.00,0.00
Total RSA,2020-04-20,1.41,0.00,0.00
Total RSA,2020-04-21,1.44,0.00,0.00
Total RSA,2020-04-22,1.44,0.00,0.00
Total RSA,2020-04-23,1.45,0.00,0.00
Total RSA,2020-04-24,1.34,0.00,0.00
Total RSA,2020-04-25,1.15,0.00,0.00
Total RSA,2020-04-26,1.16,0.00,0.00
Total RSA,2020-04-27,1.21,0.00,0.00
Total RSA,2020-04-28,1.38,0.00,0.00
Total RSA,2020-04-29,1.58,0.00,0.00
Total RSA,2020-04-30,1.65,0.00,0.00
Total RSA,2020-05-01,1.65,0.00,0.00
Total RSA,2020-05-02,1.58,0.00,0.00
Total RSA,2020-05-03,1.33,0.00,0.00
Total RSA,2020-05-04,1.19,0.00,0.00
Total RSA,2020-05-05,1.21,0.00,0.00
Total RSA,2020-05-06,1.27,0.00,0.00
Total RSA,2020-05-07,1.46,0.00,0.00
Total RSA,2020-05-08,1.64,0.00,0.00
Total RSA,2020-05-09,1.69,0.00,0.00
Total RSA,2020-05-10,1.64,0.00,0.00
Total RSA,2020-05-11,1.47,0.00,0.00
Total RSA,2020-05-12,1.36,0.00,0.00
Total RSA,2020-05-13,1.36,0.00,0.00
Total RSA,2020-05-14,1.46,0.00,0.00
Total RSA,2020-05-15,1.49,0.00,0.00
Total RSA,2020-05-16,1.43,0.00,0.00
Total RSA,2020-05-17,1.30,0.00,0.00
Total RSA,2020-05-18,1.23,0.00,0.00
Total RSA,2020-05-19,1.11,0.00,0.00
Total RSA,2020-05-20,1.19,0.00,0.00
Total RSA,2020-05-21,1.28,0.00,0.00
Total RSA,2020-05-22,1.36,0.00,0.00
Total RSA,2020-05-23,1.20,0.00,0.00
Total RSA,2020-05-24,1.21,0.00,0.00
Total RSA,2020-05-25,1.17,0.00,0.00
Total RSA,2020-05-26,1.43,0.00,0.00
Total RSA,2020-05-27,1.60,0.00,0.00
Total RSA,2020-05-28,1.67,0.00,0.00
Total RSA,2020-05-29,1.58,0.00,0.00
Total RSA,2020-05-30,1.37,0.00,0.00
Total RSA,2020-05-31,1.07,0.00,0.00
Total RSA,2020-06-01,1.33,0.00,0.00
Total RSA,2020-06-02,1.49,0.00,0.00
Total RSA,2020-06-03,1.69,0.00,0.00
Total RSA,2020-06-04,1.65,0.00,0.00
Total RSA,2020-06-05,1.48,0.00,0.00
Total RSA,2020-06-06,1.18,0.00,0.00
Total RSA,2020-06-07,0.97,0.00,0.00
Total RSA,2020-06-08,0.91,0.00,0.00
Total RSA,2020-06-09,1.17,0.00,0.00
Total RSA,2020-06-10,1.45,0.00,0.00
Total RSA,2020-06-11,1.69,0.00,0.00
Total RSA,2020-06-12,1.64,0.00,0.00
Total RSA,2020-06-13,1.43,0.00,0.00
Total RSA,2020-06-14,1.26,0.00,0.00
Total RSA,2020-06-15,1.02,0.00,0.00
Total RSA,2020-06-16,0.97,0.00,0.00
Total RSA,2020-06-17,1.13,0.00,0.00
Total RSA,2020-06-18,1.27,0.00,0.00
Total RSA,2020-06-19,1.39,0.00,0.00
Total RSA,2020-06-20,1.38,0.00,0.00
Total RSA,2020-06-21,1.32,0.00,0.00
Total RSA,2020-06-22,1.43,0.00,0.00
Total RSA,2020-06-23,1.47,0.00,0.00
Total RSA,2020-06-24,1.54,0.00,0.00
Total RSA,2020-06-25,1.52,0.00,0.00
Total RSA,2020-06-26,1.38,0.00,0.00
Total RSA,2020-06-27,1.24,0.00,0.00
Total RSA,2020-06-28,1.18,0.00,0.00
Total RSA,2020-06-29,1.25,0.00,0.00
Total RSA,2020-06-30,1.40,0.00,0.00
Total RSA,2020-07-01,1.54,0.00,0.00
Total RSA,2020-07-02,1.51,0.00,0.00
Total RSA,2020-07-03,1.39,0.00,0.00
Total RSA,2020-07-04,1.26,0.00,0.00
Total RSA,2020-07-05,1.07,0.00,0.00
Total RSA,2020-07-06,1.20,0.00,0.00
Total RSA,2020-07-07,1.30,0.00,0.00
Total RSA,2020-07-08,1.43,0.00,0.00
Total RSA,2020-07-09,1.47,0.00,0.00
Total RSA,2020-07-10,1.33,0.00,0.00
Total RSA,2020-07-11,1.09,0.00,0.00
Total RSA,2020-07-12,1.00,0.00,0.00
Total RSA,2020-07-13,0.89,0.00,0.00
Total RSA,2020-07-14,1.03,0.00,0.00
Total RSA,2020-07-15,1.12,0.00,0.00
Total RSA,2020-07-16,1.21,0.00,0.00
Total RSA,2020-07-17,1.04,0.00,0.00
Total RSA,2020-07-18,0.81,0.00,0.00
Total RSA,2020-07-19,0.71,0.00,0.00
Total RSA,2020-07-20,0.74,0.00,0.00
Total RSA,2020-07-21,0.97,0.00,0.00
Total RSA,2020-07-22,1.17,0.00,0.00
Total RSA,2020-07-23,1.21,0.00,0.00
Total RSA,2020-07-24,1.01,0.00,0.00
Total RSA,2020-07-25,0.67,0.00,0.00
Total RSA,2020-07-26,0.44,0.00,0.00
Total RSA,2020-07-27,0.51,0.00,0.00
Total RSA,2020-07-28,0.79,0.00,0.00
Total RSA,2020-07-29,1.11,0.00,0.00
Total RSA,2020-07-30,1.13,0.00,0.00
Total RSA,2020-07-31,0.92,0.00,0.00
Total RSA,2020-08-01,0.48,0.00,0.00
Total RSA,2020-08-02,0.22,0.00,0.00
Total RSA,2020-08-03,0.31,0.00,0.00
Total RSA,2020-08-04,0.61,0.00,0.00
Total RSA,2020-08-05,1.01,0.00,0.00
Total RSA,2020-08-06,1.18,0.00,0.00
Total RSA,2020-08-07,0.97,0.00,0.00
Total RSA,2020-08-08,0.53,0.00,0.00
Total RSA,2020-08-09,0.00,0.00,0.00
Total RSA,2020-08-10,0.00,0.00,0.00
Total RSA,2020-08-11,0.10,0.00,0.00
Total RSA,2020-08-12,0.53,0.00,0.00
Total RSA,2020-08-13,1.07,0.00,0.00
Total RSA,2020-08-14,1.23,0.00,0.00
Total RSA,2020-08-15,0.90,0.00,0.00
Total RSA,2020-08-16,0.58,0.00,0.00
Total RSA,2020-08-17,0.43,0.00,0.00
Total RSA,2020-08-18,0.50,0.00,0.00
Total RSA,2020-08-19,1.00,0.00,0.00
Total RSA,2020-08-20,1.12,0.00,0.00
Total RSA,2020-08-21,0.92,0.00,0.00
Total RSA,2020-08-22,0.54,0.00,0.00
Total RSA,2020-08-23,0.22,0.00,0.00
Total RSA,2020-08-24,0.21,0.00,0.00
Total RSA,2020-08-25,0.40,0.00,0.00
Total RSA,2020-08-26,0.71,0.00,0.00
Total RSA,2020-08-27,1.05,0.00,0.00
Total RSA,2020-08-28,1.12,0.00,0.00
Total RSA,2020-08-29,0.89,0.00,0.00
Total RSA,2020-08-30,0.73,0.00,0.00
Total RSA,2020-08-31,0.77,0.00,0.00
Total RSA,2020-09-01,0.91,0.00,0.00
Total RSA,2020-09-02,0.94,0.00,0.00
Total RSA,2020-09-03,0.93,0.00,0.00
Total RSA,2020-09-04,0.73,0.00,0.00
Total RSA,2020-09-05,0.49,0.00,0.00
Total RSA,2020-09-06,0.30,0.00,0.00
Total RSA,2020-09-07,0.48,0.00,0.00
Total RSA,2020-09-08,0.96,0.00,0.00
Total RSA,2020-09-09,1.36,0.00,0.00
Total RSA,2020-09-10,1.43,0.00,0.00
Total RSA,2020-09-11,1.18,0.00,0.00
Total RSA,2020-09-12,0.70,0.00,0.00
Total RSA,2020-09-13,0.45,0.00,0.00
Total RSA,2020-09-14,0.59,0.00,0.00
Total RSA,2020-09-15,1.03,0.00,0.00
Total RSA,2020-09-16,1.49,0.00,0.00
Total RSA,2020-09-17,1.58,0.00,0.00
Total RSA,2020-09-18,1.25,0.00,0.00
Total RSA,2020-09-19,0.86,0.00,0.00
Total RSA,2020-09-20,0.53,0.00,0.00
Total RSA,2020-09-21,0.57,0.00,0.00
Total RSA,2020-09-22,0.84,0.00,0.00
Total RSA,2020-09-23,0.96,0.00,0.00
Total RSA,2020-09-24,0.99,0.00,0.00
Total RSA,2020-09-25,0.80,0.00,0.00
Total RSA,2020-09-26,0.44,0.00,0.00
Total RSA,2020-09-27,0.45,0.00,0.00
Total RSA,2020-09-28,0.81,0.00,0.00
Total RSA,2020-09-29,1.32,0.00,0.00
Total RSA,2020-09-30,1.70,0.00,0.00
Total RSA,2020-10-01,1.63,0.00,0.00
Total RSA,2020-10-02,1.32,0.00,0.00
Total RSA,2020-10-03,0.93,0.00,0.00
Total RSA,2020-10-04,0.68,0.00,0.00
Total RSA,2020-10-05,0.71,0.00,0.00
Total RSA,2020-10-06,0.94,0.00,0.00
Total RSA,2020-10-07,1.36,0.00,0.00
Total RSA,2020-10-08,1.48,0.00,0.00
Total RSA,2020-10-09,1.29,0.00,0.00
Total RSA,2020-10-10,0.94,0.00,0.00
Total RSA,2020-10-11,0.67,0.00,0.00
Total RSA,2020-10-12,0.67,0.00,0.00
Total RSA,2020-10-13,0.96,0.00,0.00
Total RSA,2020-10-14,1.21,0.00,0.00
Total RSA,2020-10-15,1.42,0.00,0.00
Total RSA,2020-10-16,1.34,0.00,0.00
Total RSA,2020-10-17,0.96,0.00,0.00
Total RSA,2020-10-18,0.77,0.00,0.00
Total RSA,2020-10-19,0.85,0.00,0.00
Total RSA,2020-10-20,1.02,0.00,0.00
Total RSA,2020-10-21,1.24,0.00,0.00
Total RSA,2020-10-22,1.27,0.00,0.00
Total RSA,2020-10-23,0.99,0.00,0.00
Total RSA,2020-10-24,0.70,0.00,0.00
Total RSA,2020-10-25,0.46,0.00,0.00
Total RSA,2020-10-26,0.61,0.00,0.00
Total RSA,2020-10-27,1.01,0.00,0.00
Total RSA,2020-10-28,1.34,0.00,0.00
Total RSA,2020-10-29,1.37,0.00,0.00
Total RSA,2020-10-30,1.09,0.00,0.00
Total RSA,2020-10-31,0.71,0.00,0.00
Total RSA,2020-11-01,0.46,0.00,0.00
Total RSA,2020-11-02,0.59,0.00,0.00
Total RSA,2020-11-03,0.98,0.00,0.00
Total RSA,2020-11-04,1.34,0.00,0.00
Total RSA,2020-11-05,1.40,0.00,0.00
Total RSA,2020-11-06,1.23,0.00,0.00
Total RSA,2020-11-07,0.98,0.00,0.00
Total RSA,2020-11-08,0.94,0.00,0.00
Total RSA,2020-11-09,1.15,0.00,0.00
Total RSA,2020-11-10,1.43,0.00,0.00
Total RSA,2020-11-11,1.57,0.00,0.00
Total RSA,2020-11-12,1.47,0.00,0.00
Total RSA,2020-11-13,1.13,0.00,0.00
Total RSA,2020-11-14,0.86,0.00,0.00
Total RSA,2020-11-15,0.87,0.00,0.00
Total RSA,2020-11-16,1.03,0.00,0.00
Total RSA,2020-11-17,1.43,0.00,0.00
Total RSA,2020-11-18,1.59,0.00,0.00
Total RSA,2020-11-19,1.51,0.00,0.00
Total RSA,2020-11-20,1.27,0.00,0.00
Total RSA,2020-11-21,0.97,0.00,0.00
Total RSA,2020-11-22,0.89,0.00,0.00
Total RSA,2020-11-23,1.05,0.00,0.00
Total RSA,2020-11-24,1.25,0.00,0.00
Total RSA,2020-11-25,1.43,0.00,0.00
Total RSA,2020-11-26,1.34,0.00,0.00
Total RSA,2020-11-27,1.11,0.00,0.00
Total RSA,2020-11-28,0.81,0.00,0.00
Total RSA,2020-11-29,0.84,0.00,0.00
Total RSA,2020-11-30,1.13,0.00,0.00
Total RSA,2020-12-01,1.55,0.00,0.00
Total RSA,2020-12-02,1.81,0.00,0.00
Total RSA,2020-12-03,1.76,0.00,0.00
Total RSA,2020-12-04,1.43,0.00,0.00
Total RSA,2020-12-05,1.12,0.00,0.00
Total RSA,2020-12-06,1.08,0.00,0.00
Total RSA,2020-12-07,1.43,0.00,0.00
Total RSA,2020-12-08,1.83,0.00,0.00
Total RSA,2020-12-09,2.01,0.00,0.00
Total RSA,2020-12-10,1.91,0.00,0.00
Total RSA,2020-12-11,1.48,0.00,0.00
Total RSA,2020-12-12,1.15,0.00,0.00
Total RSA,2020-12-13,1.02,0.00,0.00
Total RSA,2020-12-14,1.07,0.00,0.00
Total RSA,2020-12-15,1.24,0.00,0.00
Total RSA,2020-12-16,1.46,0.00,0.00
Total RSA,2020-12-17,1.40,0.00,0.00
Total RSA,2020-12-18,1.32,0.00,0.00
Total RSA,2020-12-19,1.12,0.00,0.00
Total RSA,2020-12-20,1.19,0.00,0.00
Total RSA,2020-12-21,1.39,0.00,0.00
Total RSA,2020-12-22,1.58,0.00,0.00
Total RSA,2020-12-23,1.49,0.00,0.00
Total RSA,2020-12-24,1.29,0.00,0.00
Total RSA,2020-12-25,0.90,0.00,0.00
Total RSA,2020-12-26,0.58,0.00,0.00
Total RSA,2020-12-27,0.67,0.00,0.00
Total RSA,2020-12-28,1.14,0.00,0.00
Total RSA,2020-12-29,1.60,0.00,0.00
Total RSA,2020-12-30,1.79,0.00,0.00
Total RSA,2020-12-31,1.52,0.00,0.00
Total RSA,2021-01-01,1.16,0.00,0.00
Total RSA,2021-01-02,0.84,0.00,0.00
Total RSA,2021-01-03,0.88,0.00,0.00
Total RSA,2021-01-04,1.22,0.00,0.00
Total RSA,2021-01-05,1.59,0.00,0.00
Total RSA,2021-01-06,1.71,0.00,0.00
Total RSA,2021-01-07,1.51,0.00,0.00
Total RSA,2021-01-08,1.14,0.00,0.00
Total RSA,2021-01-09,0.76,0.00,0.00
Total RSA,2021-01-10,0.55,0.00,0.00
Total RSA,2021-01-11,0.62,0.00,0.00
Total RSA,2021-01-12,0.72,0.00,0.00
Total RSA,2021-01-13,0.85,0.00,0.00
Total RSA,2021-01-14,0.86,0.00,0.00
Total RSA,2021-01-15,0.63,0.00,0.00
Total RSA,2021-01-16,0.42,0.00,0.00
Total RSA,2021-01-17,0.29,0.00,0.00
Total RSA,2021-01-18,0.43,0.00,0.00
Total RSA,2021-01-19,0.77,0.00,0.00
Total RSA,2021-01-20,1.02,0.00,0.00
Total RSA,2021-01-21,1.00,0.00,0.00
Total RSA,2021-01-22,0.74,0.00,0.00
Total RSA,2021-01-23,0.39,0.00,0.00
Total RSA,2021-01-24,0.07,0.00,0.00
Total RSA,2021-01-25,0.09,0.00,0.00
Total RSA,2021-01-26,0.27,0.00,0.00
Total RSA,2021-01-27,0.51,0.00,0.00
Total RSA,2021-01-28,0.75,0.00,0.00
Total RSA,2021-01-29,0.59,0.00,0.00
Total RSA,2021-01-30,0.17,0.00,0.00
Total RSA,2021-01-31,0.00,0.00,0.00
Total RSA,2021-02-01,0.03,0.00,0.00
Total RSA,2021-02-02,0.39,0.00,0.00
Total RSA,2021-02-03,0.75,0.00,0.00
Total RSA,2021-02-04,0.87,0.00,0.00
Total RSA,2021-02-05,0.72,0.00,0.00
Total RSA,2021-02-06,0.36,0.00,0.00
Total RSA,2021-02-07,0.17,0.00,0.00
Total RSA,2021-02-08,0.30,0.00,0.00
Total RSA,2021-02-09,0.71,0.00,0.00
Total RSA,2021-02-10,1.10,0.00,0.00
Total RSA,2021-02-11,1.15,0.00,0.00
Total RSA,2021-02-12,0.90,0.00,0.00
Total RSA,2021-02-13,0.45,0.00,0.00
Total RSA,2021-02-14,0.20,0.00,0.00
Total RSA,2021-02-15,0.44,0.00,0.00
Total RSA,2021-02-16,0.78,0.00,0.00
Total RSA,2021-02-17,1.13,0.00,0.00
Total RSA,2021-02-18,1.19,0.00,0.00
Total RSA,2021-02-19,0.89,0.00,0.00
Total RSA,2021-02-20,0.47,0.00,0.00
Total RSA,2021-02-21,0.24,0.00,0.00
Total RSA,2021-02-22,0.40,0.00,0.00
Total RSA,2021-02-23,0.87,0.00,0.00
Total RSA,2021-02-24,1.22,0.00,0.00
Total RSA,2021-02-25,1.25,0.00,0.00
Total RSA,2021-02-26,0.96,0.00,0.00
Total RSA,2021-02-27,0.55,0.00,0.00
Total RSA,2021-02-28,0.28,0.00,0.00
Total RSA,2021-03-01,0.42,0.00,0.00
Total RSA,2021-03-02,0.80,0.00,0.00
Total RSA,2021-03-03,1.18,0.00,0.00
Total RSA,2021-03-04,1.24,0.00,0.00
Total RSA,2021-03-05,1.03,0.00,0.00
Total RSA,2021-03-06,0.71,0.00,0.00
Total RSA,2021-03-07,0.59,0.00,0.00
Total RSA,2021-03-08,0.84,0.00,0.00
Total RSA,2021-03-09,1.19,0.00,0.00
Total RSA,2021-03-10,1.51,0.00,0.00
Total RSA,2021-03-11,1.46,0.00,0.00
Total RSA,2021-03-12,1.13,0.00,0.00
Total RSA,2021-03-13,0.74,0.00,0.00
Total RSA,2021-03-14,0.59,0.00,0.00
Total RSA,2021-03-15,0.75,0.00,0.00
Total RSA,2021-03-16,1.14,0.00,0.00
Total RSA,2021-03-17,1.38,0.00,0.00
Total RSA,2021-03-18,1.42,0.00,0.00
Total RSA,2021-03-19,1.11,0.00,0.00
Total RSA,2021-03-20,0.60,0.00,0.00
Total RSA,2021-03-21,0.23,0.00,0.00
Total RSA,2021-03-22,0.35,0.00,0.00
Total RSA,2021-03-23,0.82,0.00,0.00
Total RSA,2021-03-24,1.40,0.00,0.00
Total RSA,2021-03-25,1.62,0.00,0.00
Total RSA,2021-03-26,1.36,0.00,0.00
Total RSA,2021-03-27,0.91,0.00,0.00
Total RSA,2021-03-28,0.59,0.00,0.00
Total RSA,2021-03-29,0.54,0.00,0.00
Total RSA,2021-03-30,0.89,0.00,0.00
Total RSA,2021-03-31,1.13,0.00,0.00
Total RSA,2021-04-01,1.07,0.00,0.00
Total RSA,2021-04-02,0.74,0.00,0.00
Total RSA,2021-04-03,0.22,0.00,0.00
Total RSA,2021-04-04,0.00,0.00,0.00
Total RSA,2021-04-05,0.30,0.00,0.00
Total RSA,2021-04-06,1.02,0.00,0.00
Total RSA,2021-04-07,1.85,0.00,0.00
Total RSA,2021-04-08,2.03,0.00,0.00
Total RSA,2021-04-09,1.66,0.00,0.00
Total RSA,2021-04-10,1.20,0.00,0.00
Total RSA,2021-04-11,0.99,0.00,0.00
Total RSA,2021-04-12,0.94,0.00,0.00
Total RSA,2021-04-13,1.25,0.00,0.00
Total RSA,2021-04-14,1.48,0.00,0.00
Total RSA,2021-04-15,1.46,0.00,0.00
Total RSA,2021-04-16,1.16,0.00,0.00
Total RSA,2021-04-17,0.77,0.00,0.00
Total RSA,2021-04-18,0.60,0.00,0.00
Total RSA,2021-04-19,0.76,0.00,0.00
Total RSA,2021-04-20,1.14,0.00,0.00
Total RSA,2021-04-21,1.43,0.00,0.00
Total RSA,2021-04-22,1.44,0.00,0.00
Total RSA,2021-04-23,1.19,0.00,0.00
Total RSA,2021-04-24,0.81,0.00,0.00
Total RSA,2021-04-25,0.52,0.00,0.00
Total RSA,2021-04-26,0.50,0.00,0.00
Total RSA,2021-04-27,0.81,0.00,0.00
Total RSA,2021-04-28,1.26,0.00,0.00
Total RSA,2021-04-29,1.48,0.00,0.00
Total RSA,2021-04-30,1.38,0.00,0.00
Total RSA,2021-05-01,1.14,0.00,0.00
Total RSA,2021-05-02,1.07,0.00,0.00
Total RSA,2021-05-03,1.25,0.00,0.00
Total RSA,2021-05-04,1.52,0.00,0.00
Total RSA,2021-05-05,1.77,0.00,0.00
Total RSA,2021-05-06,1.72,0.00,0.00
Total RSA,2021-05-07,1.34,0.00,0.00
Total RSA,2021-05-08,0.93,0.00,0.00
Total RSA,2021-05-09,0.80,0.00,0.00
Total RSA,2021-05-10,1.09,0.00,0.00
Total RSA,2021-05-11,1.55,0.00,0.00
Total RSA,2021-05-12,1.80,0.00,0.00
Total RSA,2021-05-13,1.74,0.00,0.00
Total RSA,2021-05-14,1.36,0.00,0.00
Total RSA,2021-05-15,0.96,0.00,0.00
Total RSA,2021-05-16,0.81,0.00,0.00
Total RSA,2021-05-17,0.98,0.00,0.00
Total RSA,2021-05-18,1.29,0.00,0.00
Total RSA,2021-05-19,1.63,0.00,0.00
Total RSA,2021-05-20,1.54,0.00,0.00
Total RSA,2021-05-21,1.28,0.00,0.00
Total RSA,2021-05-22,0.98,0.00,0.00
Total RSA,2021-05-23,0.91,0.00,0.00
Total RSA,2021-05-24,1.08,0.00,0.00
Total RSA,2021-05-25,1.39,0.00,0.00
Total RSA,2021-05-26,1.51,0.00,0.00
Total RSA,2021-05-27,1.48,0.00,0.00
Total RSA,2021-05-28,1.16,0.00,0.00
Total RSA,2021-05-29,0.86,0.00,0.00
Total RSA,2021-05-30,0.84,0.00,0.00
Total RSA,2021-05-31,1.07,0.00,0.00
Total RSA,2021-06-01,1.40,0.00,0.00
Total RSA,2021-06-02,1.58,0.00,0.00
Total RSA,2021-06-03,1.53,0.00,0.00
Total RSA,2021-06-04,1.20,0.00,0.00
Total RSA,2021-06-05,0.86,0.00,0.00
Total RSA,2021-06-06,0.98,0.00,0.00
Total RSA,2021-06-07,1.40,0.00,0.00
Total RSA,2021-06-08,1.75,0.00,0.00
Total RSA,2021-06-09,1.97,0.00,0.00
Total RSA,2021-06-10,1.77,0.00,0.00
Total RSA,2021-06-11,1.36,0.00,0.00
Total RSA,2021-06-12,1.06,0.00,0.00
Total RSA,2021-06-13,1.06,0.00,0.00
Total RSA,2021-06-14,1.31,0.00,0.00
Total RSA,2021-06-15,1.55,0.00,0.00
Total RSA,2021-06-16,1.68,0.00,0.00
Total RSA,2021-06-17,1.63,0.00,0.00
Total RSA,2021-06-18,1.34,0.00,0.00
Total RSA,2021-06-19,1.07,0.00,0.00
Total RSA,2021-06-20,1.10,0.00,0.00
Total RSA,2021-06-21,1.26,0.00,0.00
Total RSA,2021-06-22,1.35,0.00,0.00
Total RSA,2021-06-23,1.36,0.00,0.00
Total RSA,2021-06-24,1.38,0.00,0.00
